HREF,DATE_SCRAPED,EMAIL,CONAME,BIZADD,FAILMSG,TEL
http://edirectory.matrade.gov.my/application/edirectory.nsf/profile?OpenForm&id=3602&sid=8AD4FED588BA3F0B9C609F24D8B7771F,'2017-08-02,exact@expressaudio.com,EXPRESS AUDIO INDUSTRY SDN BHD,"45, JALAN JEJAKA DUA TAMAN MALURI CHERAS 55100 KUALA LUMPUR",,03 - 92851471
http://edirectory.matrade.gov.my/application/edirectory.nsf/profile?OpenForm&id=98781&sid=48A2F4C34C87A6A2FC10B68892DE884D,'2017-08-02,federalmalay@gmail.com,KUT RESOURCES SDN BHD,WISMA FEDERAL MALAY HOLDINGS NO 10 PERSIARAN 65C PEKELILING BUSINESS CENTRE JALAN PAHANG BARAT 53000 KUALA LUMPUR,,03 - 40221010
http://edirectory.matrade.gov.my/application/edirectory.nsf/profile?OpenForm&id=97300&sid=376EF0806482360AEA7B6C62A9444807,'2017-08-02,stjaya80@yahoo.com,PRO ERA SDN. BHD.,12 1ST FLOOR BANGUNAN KEDAI LEBUH INTAN TAMAN INTAN SUNGAI PETANI 08000 KEDAH,,016 - 4528888
http://edirectory.matrade.gov.my/application/edirectory.nsf/profile?OpenForm&id=95863&sid=F25011406EA3D1B5559605C63BB37362,'2017-08-02,mai@pspoly.com.my,PS POLY PACK SDN BHD,"LOT 2208 JALAN KHAMIS MERU, KLANG  41050 SELANGOR",,03 - 33927500
http://edirectory.matrade.gov.my/application/edirectory.nsf/profile?OpenForm&id=12178&sid=644C18D2B2027ED6A3814F3E2F52813C,'2017-08-02,info@asiapoly.com.my,ASIA POLY INDUSTRIAL SDN BHD,"LOT 758, JALAN HAJI SIRAT MUKIM KAPAR KLANG 42100 SELANGOR",,603 - 33422567
http://edirectory.matrade.gov.my/application/edirectory.nsf/profile?OpenForm&id=37751&sid=03CBE5FDF91E8E351057827A2A770F42,'2017-08-02,janicelim@avantis-international.com,AVANTIS TECHNOLOGIES SDN BHD,"6478, JALAN AYAM DIDIK 2/2 KAW PERINDUSTRIAN RINGAN TMN RIA JAYA SG PETANI 08000 KEDAH",,04 - 4482188
http://edirectory.matrade.gov.my/application/edirectory.nsf/profile?OpenForm&id=85753&sid=1A49806EEE0BDF3226B967333DABC258,'2017-08-02,alex@my-yomita.com,YOMITA SDN BHD,"LOT 13, SOLOK RAJA LUMU KAW M.I.E.L. PANDAMARAN PORT KLANG 42000 SELANGOR",,03 - 31668868
http://edirectory.matrade.gov.my/application/edirectory.nsf/profile?OpenForm&id=3678&sid=331FF26CE317645D1263E89F18F32320,'2017-08-02,cf@crystalfleet.com,CRYSTAL FLEET SDN BHD,"316 & 317, LORONG INDUSTRI 3 KAW INDUSTRI TAMAN KENANGAN, SG KARANGAN PADANG SERAI 09410 KEDAH",,04 - 4858305
http://edirectory.matrade.gov.my/application/edirectory.nsf/profile?OpenForm&id=81502&sid=FB919DD6CA15BBEF5A05886756CFF8CA,'2017-08-02,eossgrand@hotmail.com,EOSS GRAND INDUSTRIES (M) SDN BHD,"10, JLN SRI PLENTONG 10 TMN PERINDUSTRIAN SRI PLENTONG MASAI, JOHOR 81750 JOHOR",,07 - 3862799
http://edirectory.matrade.gov.my/application/edirectory.nsf/profile?OpenForm&id=54766&sid=0DFF4AFB3D86D016F87CEBE26A3B31DF,'2017-08-02,marketing@craftrender.com,CRAFT RENDER SDN BHD,"2, JLN SB JAYA 10 TAMAN INDUSTRI SG. BULOH JAYA  47000 SELANGOR",,03 - 61422020
http://edirectory.matrade.gov.my/application/edirectory.nsf/profile?OpenForm&id=77027&sid=F62BDCBDBD20193793852D9031324226,'2017-08-02,assessproducts@gmail.com,ASSESS PRODUCTS (M) SDN BHD,LOT 1-44&1-45 JLN TTC 4 CHENG INDUSTRIAL ESTATE CHENG 75250 MELAKA,,06 - 3361927
http://edirectory.matrade.gov.my/application/edirectory.nsf/profile?OpenForm&id=13503&sid=A96E0E730D107DCCD37F162200077D0F,'2017-08-02,goo_poh_ting@ap.aschulman.com,ICO POLYMERS (M) SDN BHD,"2, JALAN WAWASAN UTAMA KAW PERINDUSTRIAN SRI GADING BATU PAHAT 83300 JOHOR",,07 - 4556777
http://edirectory.matrade.gov.my/application/edirectory.nsf/profile?OpenForm&id=6551&sid=BF4042B4704D43E3341EA3A8934735B1,'2017-08-02,tokyolow@tm.net.my,TOKYO MOULD INDUSTRIES SDN BHD,"27, LORONG IKS JURU 7 TAMAN PERINDUSTRIAN RINGAN JURU SIMPANG AMPAT 14100 PULAU PINANG",,04 - 5070526
http://edirectory.matrade.gov.my/application/edirectory.nsf/profile?OpenForm&id=7051&sid=CDDA7DDA8E4E7BEB12D14239724FCBBC,'2017-08-02,info@vpplastics.com.my,V.P. PLASTICS SDN BHD,NO.1029 LORONG PERUSAHAAN DUA PRAI INDUSTRIAL COMPLEX ESTATE  13600 PULAU PINANG,,04 - 3999986
http://edirectory.matrade.gov.my/application/edirectory.nsf/profile?OpenForm&id=77454&sid=7DFD8B710D5455AA7A73905D912F76A8,'2017-08-02,dennis.cheong@texchem-polymers.com,TEXCHEM PLOYMERS SDN BHD,"1465 MUKIM 11, LRG PERUSAHAAN MAJU 6 PERAI INDUSTRIAL ESTATE PHASE 4 PERAI 13600 PULAU PINANG",,04 - 5079753
http://edirectory.matrade.gov.my/application/edirectory.nsf/profile?OpenForm&id=9998&sid=673C996CD0622618AAC498CD7A89867D,'2017-08-02,kelvin@panagawa.com,PANAGAWA SDN BHD,PLO 527 JLN KELULI 5 PASIR GUDANG 81700 JOHOR,,07 - 2516228
http://edirectory.matrade.gov.my/application/edirectory.nsf/profile?OpenForm&id=11237&sid=C800FBBCBE83ECBA9FA3DEBE95991484,'2017-08-02,leanlee1945@gmail.com,LEAN LEE TRADING COMPANY SDN BHD,"891, JLN KG JURU JURU BKT MERTAJAM 14000 PULAU PINANG",,04 - 5021888
http://edirectory.matrade.gov.my/application/edirectory.nsf/profile?OpenForm&id=9498&sid=2ED64505BD8FD0079E02FE67D39329E2,'2017-08-02,sales@yogo.com.my,GUANG HENG PLASTIC INDUSTRIES SDN BHD,"111, JALAN SAWIT BARU 8 TAMAN PERINDUSTRIAN SAWIT BARU KULAI 81030 JOHOR",,07 - 6525413
http://edirectory.matrade.gov.my/application/edirectory.nsf/profile?OpenForm&id=14334&sid=18661F77C6ED05EB41C1FFF6C8BF3B1F,'2017-08-02,info@thp.com.my,TONG HIN POLYSTYRENE INDUSTRIES SDN BHD,"9,11,12&15 JALAN WIRA 7 TAMAN TAN SRI YACOB INDUSTRIAL PARK SKUDAI 81300 JOHOR",,607 - 5111818
http://edirectory.matrade.gov.my/application/edirectory.nsf/profile?OpenForm&id=8381&sid=6470C6609637D3BEFED1A52ADC52768B,'2017-08-02,smicmsb@gmail.com,SMIC (M) SDN BHD,"NO 7799-C, KWS. PERINDUSTRIAN MERLIMAU MERLIMAU  77300 MELAKA",,06 - 2631443
http://edirectory.matrade.gov.my/application/edirectory.nsf/profile?OpenForm&id=13639&sid=6095449D2AFA639DEBD6091A04732A1F,'2017-08-02,handel@greenstreak.com.my,GREENSTREAK (M) SDN BHD,"NO 35 & 37, JALAN BP 5/8, BANDAR BKT PUCHONG PUCHONG 47100 SELANGOR",,03 - 80608062
http://edirectory.matrade.gov.my/application/edirectory.nsf/profile?OpenForm&id=37616&sid=B83D7884EE3DE34F9C4C693B7F389DB7,'2017-08-02,sales@boldvision.com.my,BOLD VISION EXPORT SDN BHD,"44, JLN ANGGERIK MOKARA 31/47 KOTA KEMUNING, SECTION 31 SHAH ALAM 40460 SELANGOR",,03 - 51210908
http://edirectory.matrade.gov.my/application/edirectory.nsf/profile?OpenForm&id=15947&sid=43E8D72C369D6012DE7B18D600D676B1,'2017-08-02,mas_floor@yahoo.com,MASFLOOR SDN BHD,"LOT 2580, MUKIM OF CHUPING, 02450, BUKIT KETERI, PERLIS  02450 PERLIS",,04 - 9383393
http://edirectory.matrade.gov.my/application/edirectory.nsf/profile?OpenForm&id=5506&sid=97E9FBAD629D841C8380EE54BDA92330,'2017-08-02,polyflowpipes@hotmail.com,POLYFLOW PIPES SDN BHD,"LOT 626, BLOK 4 MUARA TEBAS LAND DISTRICT JALAN BAKO, PETRA JAYA 93050 SARAWAK",,082 - 432217
http://edirectory.matrade.gov.my/application/edirectory.nsf/profile?OpenForm&id=15048&sid=1E7978FE29D252BED15B9A04E483C5D4,'2017-08-02,dave@dawn-asia.com,DAWN MATERIAL SDN BHD,"3A, LOT 765, JALAN SUBANG 4   47610 SELANGOR",,03 - 56316588
http://edirectory.matrade.gov.my/application/edirectory.nsf/profile?OpenForm&id=14078&sid=69ECB505F3A2E5C4F09AE815B7E50BF1,'2017-08-02,chris@engjoo.com,ENG JOO PRECISION PLASTIC SDN BHD,"82, JALAN IDAMAN 1/3 TAMAN INDUSTRI SENAI SENAI 81400 JOHOR",,07 - 5991866
http://edirectory.matrade.gov.my/application/edirectory.nsf/profile?OpenForm&id=13605&sid=8787A4A0B806DB00E4CBB53D6FD74712,'2017-08-02,weidasarkc@weidasar.com.my,WEIDASAR SDN BHD,"LOT 8729, 126-B, 1ST FLOOR, GREEN HEIGHTS COMMERCIAL CENTRE JALAN LAPANGAN TERBANG KUCHING 93250 SARAWAK",,082 - 450910
http://edirectory.matrade.gov.my/application/edirectory.nsf/profile?OpenForm&id=34885&sid=B20D45A885A4E9918221B7F8FF8F12C9,'2017-08-02,sunsoonyik@gmail.com,SUN SOON YIK RECYCLE PLASTIC & METAL SDN BHD,"LOT 137249 & 137250 HALA PERUSAHAAN MENGLEMBU 16 MENGLEMBU, IPOH 31450 PERAK",,05 - 2829321
http://edirectory.matrade.gov.my/application/edirectory.nsf/profile?OpenForm&id=11092&sid=1E4B01C10F5FFF8C73AC7904BEDB1294,'2017-08-02,tako@tm.net.my,TAKO ASTATIC TECHNOLOGY SDN BHD,"15, JLN KESUMA 2/2 BANDAR TASIK KESUMA BERANANG 43700 SELANGOR",,03 - 87238843
http://edirectory.matrade.gov.my/application/edirectory.nsf/profile?OpenForm&id=11855&sid=5ECA5417F7ACAC675E2929913CB28396,'2017-08-02,stellar@stellarfilms.com.my,STELLAR FILMS (MALAYSIA) SDN BHD,"LOT 10,  JALAN SULTAN MUHAMED 4 KAW SELAT KLANG UTARA PELABUHAN KLANG 42000 SELANGOR",,03 - 31763419
http://edirectory.matrade.gov.my/application/edirectory.nsf/profile?OpenForm&id=6448&sid=074C828C2DD50942697EBFBBEAA63A81,'2017-08-02,sapmsb@gmail.com,SEGAMAT AGRICULTURAL PRODUCTS (M) SDN BHD,PLO 158 JALAN GENUANG SEGAMAT 85000 JOHOR,,07 - 9433118
http://edirectory.matrade.gov.my/application/edirectory.nsf/profile?OpenForm&id=34397&sid=BE05E6F3110A31EC7A4D70AEA4597108,'2017-08-02,chunhoong@silverpoly.com,SILVER POLY SDN BHD,"10-1, JLN JASMIN 8 BANDAR BOTANIC KLANG 41200 SELANGOR",,03 - 33231168
http://edirectory.matrade.gov.my/application/edirectory.nsf/profile?OpenForm&id=67123&sid=EF962863A799E1D182A0521A17C02EA6,'2017-08-02,eptew@consistentesb.com,CONSISTENT ENGINEERING SDN BHD,"7, JALAN DESA TROPIKA 1/3 TAMAN PERINDUSTRIAN TROPIKA ULU TIRAM, JOHOR BAHRU 81800 JOHOR",,07 - 8633341
http://edirectory.matrade.gov.my/application/edirectory.nsf/profile?OpenForm&id=34564&sid=A4E81AB98476F1B5F795F199FDEBF60E,'2017-08-02,seynetee@gmail.com,MEDIACE SDN BHD,"174, JALAN 5 KAW PERINDUSTRIAN OLAK LEMPIT BANTING 42700 SELANGOR",,03 - 31493881
http://edirectory.matrade.gov.my/application/edirectory.nsf/profile?OpenForm&id=15504&sid=A84D6B4D7D9C850F7101A89FDA9ABBC9,'2017-08-02,jintye@streamyx.com,JINTYE CORPORATION SDN BHD,"6,8,10 JALAN PALA 14, KAW PERINDUSTRIAN PERMATANG TINGGI BKT MERTAJAM 14100 PULAU PINANG",,04 - 5873571
http://edirectory.matrade.gov.my/application/edirectory.nsf/profile?OpenForm&id=3166&sid=AEE67383D2214FB6D8312A87E3821972,'2017-08-02,info@aritaplastic.com,ARITA PLASTICS INDUSTRIES (M) SDN BHD,"1073, MK 6, LORONG PERUSAHAAN MAJU 2 PRAI INDUSTRIAL ESTATE, PHASE 4 PRAI 13600 PULAU PINANG",,04 - 5078688
http://edirectory.matrade.gov.my/application/edirectory.nsf/profile?OpenForm&id=64972&sid=47F7CB43F77EE0678F6BE434A64B299D,'2017-08-02,andytiow@wansern.com,WANSERN TECHNOLOGY SDN BHD,"LOT 1807, BUKIT BELIMBING JLN BALAKONG SERI KEMBANGAN 43300 SELANGOR",,03 - 89614889
http://edirectory.matrade.gov.my/application/edirectory.nsf/profile?OpenForm&id=62342&sid=4133A91891EFF5219BBD5C03D0DC9CDC,'2017-08-02,km.tan@hoshenlee.com,TNL PLASTIC TRADING SDN BHD,"16101, JALAN NILAI 3/16 KAW PERINDUSTRIAN NILAI 3 NILAI 71800 NEGERI SEMBILAN",,06 - 7995135
http://edirectory.matrade.gov.my/application/edirectory.nsf/profile?OpenForm&id=10612&sid=BE856460CF86786D0E57A24BE503C75D,'2017-08-02,enquiry@yesdynamic.com.my,YES DYNAMIC SDN BHD,"PLOT 182, JLN INDUSTRI 3/7 RAWANG INTEGRATED INDUSTRIAL PARK RAWANG 52100 SELANGOR",,03 - 60922163
http://edirectory.matrade.gov.my/application/edirectory.nsf/profile?OpenForm&id=15266&sid=EF6D9A1A55B950B1AC2A07850D97F6A4,'2017-08-02,sales@snasb.com,SYARIKAT NAM AH SDN BHD,"LOT 69, JALAN PORTLAND TASEK INDUSTRIAL ESTATE IPOH 31400 PERAK",,05 - 2919961
http://edirectory.matrade.gov.my/application/edirectory.nsf/profile?OpenForm&id=60449&sid=4579D30E4FE6C3E7E35D44FC172B8959,'2017-08-02,plainexus@gmail.com,PLAINEXUS RESEARCH LABORATORIES SDN BHD,"18, TINGKAT PERUSAHAAN UTAMA 1 TMN PERINDUSTRIAN BUKIT TENGAH BUKIT MERTAJAM 14000 PULAU PINANG",,04 - 5070028
http://edirectory.matrade.gov.my/application/edirectory.nsf/profile?OpenForm&id=8735&sid=B641239D57B70232031C8DA10A67E671,'2017-08-02,enquiries@mrpi.com.my,MRPI PIPES SDN BHD,"LOT 5, JALAN PERUSAHAAN 2, KAWASAN PERINDUSTRIAN BUKIT RAJA KLANG 41050 SELANGOR",,03 - 33430407
http://edirectory.matrade.gov.my/application/edirectory.nsf/profile?OpenForm&id=38416&sid=1CBA716E239BC91F355475AFDA2C7213,'2017-08-02,tessa@mtplas.com,MT-PLAS (M) SDN BHD,"50, JLN SELAT SELATAN 2 LANDPAC LIGHT INDUSTRIAL, OFF JALAN BANTING PANDAMARAN, PORT KLANG 42000 SELANGOR",,03 - 31655494
http://edirectory.matrade.gov.my/application/edirectory.nsf/profile?OpenForm&id=11844&sid=195F24E8738940B4B533CBB33FC7E494,'2017-08-02,angela@logomas.com,LOGOMAS PACKAGING SDN BHD,"LOT 15796,BLOK C,BATU 6, JALAN KEBUN, SEKSYEN 32, SHAH ALAM 40460 SELANGOR",,03 - 51627990
http://edirectory.matrade.gov.my/application/edirectory.nsf/profile?OpenForm&id=15510&sid=DCC8E0AD92E3AFCB4D39D556269817D7,'2017-08-02,hmpisb@gmail.com,MUNHUA MOULDS & PLASTIC INDUSTRIES SDN BHD,"4 & 6, JALAN 35, KAW 16 SG RASA INDUSTRIAL AREA KLANG 41300 SELANGOR",,03 - 33424115
http://edirectory.matrade.gov.my/application/edirectory.nsf/profile?OpenForm&id=56588&sid=6CF6C5D80FF199793E324C427E80E686,'2017-08-02,info@the-ark.com.my,DESIGN ARK SDN BHD,"108, LEBUH MELAKA GEORGETOWN  10400 PULAU PINANG",,04 - 2292600
http://edirectory.matrade.gov.my/application/edirectory.nsf/profile?OpenForm&id=41398&sid=9EBF8511B4A207B80671B02A9A64D7C7,'2017-08-02,ccng@jadychem.net,JADY CHEMICALS SDN BHD,"11A-2, JLN USJ 10/1F UEP SUBANG JAYA  47620 SELANGOR",,03 - 56313913
http://edirectory.matrade.gov.my/application/edirectory.nsf/profile?OpenForm&id=65060&sid=C93D46D123830732F19AA711754E89DD,'2017-08-02,greenkayangan@gmail.com,GREEN ECOPOLYMER SDN BHD,37G JALAN PAHAT H 15/H DATARAN OTOMOBIL SECTION 15 40200 SELANGOR,,03 - 55234218
http://edirectory.matrade.gov.my/application/edirectory.nsf/profile?OpenForm&id=63659&sid=857DF17805F4C6FDED989F7140003EDF,'2017-08-02,peyching.wong@emico.com.my,CENTURY PLAS INDUSTRY SDN BHD,88-02-49 LINTANG SUNGAI PINANG  10150 PULAU PINANG,,04 - 6427745
http://edirectory.matrade.gov.my/application/edirectory.nsf/profile?OpenForm&id=14710&sid=12D1E0D402DFF9D9B2737AAAF6278648,'2017-08-02,chuanta@tm.net.my,CHUAN TA RESOURCES SDN BHD,"2706, TINGKAT SELAMAT 12 KG SELAMAT TASEK GELUGOR S.P.U 13300 PULAU PINANG",,04 - 5737684
http://edirectory.matrade.gov.my/application/edirectory.nsf/profile?OpenForm&id=12876&sid=4045BE5B2812173009E8E5E57E2A24FA,'2017-08-02,sales@itwmeritex.com.my,ITW MERITEX SDN BHD,"57-1, PERSIARAN BAYAN INDAH BAYAN BAY, SG NIBONG  11900 PULAU PINANG",,04 - 6433311
http://edirectory.matrade.gov.my/application/edirectory.nsf/profile?OpenForm&id=33620&sid=199E804915F204FAFBAAD147ED6974D2,'2017-08-02,theanyat@gmail.com,IPOH S.Y. RECYCLE PLASTIC SDN BHD,"PT5992, OFF PERSIARAN BG. PERDANA 10 PERINDUSTRIAN BT GAJAH PERDANA PUSING 31550 PERAK",,05 - 3633668
http://edirectory.matrade.gov.my/application/edirectory.nsf/profile?OpenForm&id=39269&sid=7EC19FCB196F8D7237650A5C43E3C7A5,'2017-08-02,chitra@beq.com.my,BIOGREEN EQUATION (M) SDN BHD,LOT NO. 7441 JLN ARANG PANDAMARAN PORTKLANG 42000 SELANGOR,,03 - 31650225
http://edirectory.matrade.gov.my/application/edirectory.nsf/profile?OpenForm&id=12835&sid=54F243AE7F9D61E4DE985B67D6093D3B,'2017-08-02,marketing@duniapolymer.com.my,DUNIA POLYMER EXTRUSION SDN BHD,"PT 14259, 4, JALAN PERUSAHAAN 25 KAW 11, JALAN BANTING PANDAMARAN PORT KLANG 42000 SELANGOR",,03 - 31663610
http://edirectory.matrade.gov.my/application/edirectory.nsf/profile?OpenForm&id=69809&sid=9BAC1E1EAFD6200FDC0E8B99BF7D3A95,'2017-08-02,vein87@yahoo.com,KESAN KENANGAN SDN BHD,"40, JALAN SUNGAI KERAMAT 1A SRI MEWAH LIGHT INDUSTRIAL FACTORY OFF BT 5, JLN KAPAR, KLANG 42100 SELANGOR",,03 - 32911666
http://edirectory.matrade.gov.my/application/edirectory.nsf/profile?OpenForm&id=71738&sid=72E7398D390713F42981A7A03F029619,'2017-08-02,mmmach8@gmail.com,M.M.MACHINERY AND AUTO-PART SDN BHD,16 JALAN BP 5/3 PERINDUSTRIAN BANDAR BUKIT PUCHONG SELANGOR DARUL EHSAN 47100 SELANGOR,,03 - 80624398
http://edirectory.matrade.gov.my/application/edirectory.nsf/profile?OpenForm&id=65854&sid=DEFB8EB3C586FB6E0022468C242156B1,'2017-08-02,panglima.intan@gmail.com,PANGLIMA INTAN HYGIENE PRODUCTS SDN BHD,"3, JALAN MARIKH U5/175 BANDAR PINGGIRAN SUBANG, SECTION U5 SHAH ALAM 40150 SELANGOR",,03 - 78454887
http://edirectory.matrade.gov.my/application/edirectory.nsf/profile?OpenForm&id=2559&sid=EA10E5C76C2CD11333D06CC5AB3C1A2D,'2017-08-02,info@johstar.com,JOHSTAR THE PLASTIC MAN (M) SDN BHD,"26, JALAN BKT 2 KAWASAN  MIEL,  BANDAR BARU SERI ALAM MASAI 81750 JOHOR",,07 - 3881118
http://edirectory.matrade.gov.my/application/edirectory.nsf/profile?OpenForm&id=69811&sid=B478E194768A82F16CCC899B549F5E76,'2017-08-02,meeleeg@hotmail.com,EONSARN INDUSTRY SDN BHD,"12, JALAN SUNGAI KERAMAT 1A SRI MEWAH LIGHT INDUSTRAL FACTORY OFF BT 5, JALAN KAPAR, KLANG 42100 SELANGOR",,03 - 32911531
http://edirectory.matrade.gov.my/application/edirectory.nsf/profile?OpenForm&id=72181&sid=7DF7A04355DEE335B4A3E938DB654CE5,'2017-08-02,admin@plasgard.com,PLASGARD SDN BHD,"22A, JALAN SUNGAI JELUH 32/189 BUKIT NAGA, SECTION 32 SHAH ALAM 40460 SELANGOR",,016 - 2211009
http://edirectory.matrade.gov.my/application/edirectory.nsf/profile?OpenForm&id=5926&sid=69BA4A2A32218C119F9760FB782A78A6,'2017-08-02,jebplus@jebco.com.my,JEBPLUS SDN BHD,"LOT 1569, JLN KUSTA KAW PERINDUSTRIAN KG JAYA SUNGAI BULOH 47000 SELANGOR",,03 - 61578282
http://edirectory.matrade.gov.my/application/edirectory.nsf/profile?OpenForm&id=70043&sid=2BAFDDD5980FA5430BCDEA6C12FE1CE0,'2017-08-02,lester@m3tech.com.my,M3 ASIA SDN BHD,"UNIT 809, BLOCK B PUSAT DAGANGAN PHILEO DAMANSARA 2 JALAN 16/11, PETALING JAYA 46350 SELANGOR",,03 - 79548101
http://edirectory.matrade.gov.my/application/edirectory.nsf/profile?OpenForm&id=13216&sid=175CB5A6A02C45E3C480DAFC3669089F,'2017-08-02,felixho@gt-max.com.my,GT-MAX PLASTIC INDUSTRIES (M) SDN BHD,"LOT 4971, JALAN TERATAI KU/08 KAW PERINDUSTRIAN MERU TIMUR, 5 1/2 MILES OFF JALAN MERU, KLANG 41050 SELANGOR",,03 - 33926868
http://edirectory.matrade.gov.my/application/edirectory.nsf/profile?OpenForm&id=13551&sid=EE574BD6B40E6F942A18B68119D8DBBD,'2017-08-02,stewart@wesglow.com,WESGLOW INDUSTRIES SDN BHD,"39 & 41, JALAN INDUSTRI 1/13 TAMAN PERINDUSTRIAN USJ 1 SUBANG JAYA 47600 SELANGOR",,03 - 80231380
http://edirectory.matrade.gov.my/application/edirectory.nsf/profile?OpenForm&id=9799&sid=8A92A8A0A360407F3176B41CC8B8E66D,'2017-08-02,crystalangel@live.com.my,DELUXE PRODUCTS TRADING,"90, JALAN KEDAH   10050 PULAU PINANG",,04 - 2298737
http://edirectory.matrade.gov.my/application/edirectory.nsf/profile?OpenForm&id=5450&sid=0E41355B64DA7C440070B99A80F63098,'2017-08-02,th_tan@guppyplasticpg.com.my,GUPPY PLASTIC INDUSTRIES SDN BHD,"PLOT 83, 1537, LORONG PERUSAHAAN UTAMA 3 KAWASAN PERUSAHAAN BUKIT TENGAH  14000 PULAU PINANG",,04 - 5032821
http://edirectory.matrade.gov.my/application/edirectory.nsf/profile?OpenForm&id=70188&sid=04E8F5FB049842121FCF77828F22234E,'2017-08-02,otaki@kys.com.sg,KYOTECH (M) SDN BHD,1 JALAN TAMPOI 2/1  81200 JOHOR,,07 - 2350121
http://edirectory.matrade.gov.my/application/edirectory.nsf/profile?OpenForm&id=10512&sid=369D7AA4A78A50DDC3BABC8071E86368,'2017-08-02,kelvinlim@yahoo.com,SUNNY PACKAGING INDUSTRIES SDN BHD,"66, 68 & 70, JALAN PERDAGANGAN 16 TAMAN UNIVERSITI INDUSTRIAL PARK SKUDAI 81300 JOHOR",,07 - 5205320
http://edirectory.matrade.gov.my/application/edirectory.nsf/profile?OpenForm&id=9286&sid=E1F63F5E5D7D204271A116BF128D4DFD,'2017-08-02,khin@dsp.com.my,DSP (M) SDN BHD,"LOT 17, JALAN SULTAN MOHAMED 3 KAWASAN PERINDUSTRIAN BANDAR SULTAN SULAIMAN PORT KLANG 42000 SELANGOR",,03 - 31763232
http://edirectory.matrade.gov.my/application/edirectory.nsf/profile?OpenForm&id=11778&sid=1541927E9EF46D54D0DF1350AA3BEC50,'2017-08-02,christine@iretex.com.my,IRE-TEX (MALAYSIA) SDN BHD,"PLOT 118, JALAN PERUSAHAAN BKT TENGAH INDUSTRIAL PARK BKT MERTAJAM 14000 PULAU PINANG",,04 - 5022752
http://edirectory.matrade.gov.my/application/edirectory.nsf/profile?OpenForm&id=57129&sid=0163C141047160A2D00ED6756C47D1BF,'2017-08-02,ngooileng34@yahoo.com,INDAHPACK(PK) SDN BHD,"1, LALUAN KILANG JELAPANG INDUSTRIAL ESTATE IPOH 30100 PERAK",,05 - 5262133
http://edirectory.matrade.gov.my/application/edirectory.nsf/profile?OpenForm&id=34534&sid=7C08ADB5A1B44C821926A9B4486E39E2,'2017-08-02,sales@kobe.com.my,KOBE PLASTIC INDUSTRIES SDN BHD,"17, JALAN KPK 1/3 KAW PERINDUSTRIAN KUNDANG, KUNDANG JAYA RAWANG 48020 SELANGOR",,03 - 60342699
http://edirectory.matrade.gov.my/application/edirectory.nsf/profile?OpenForm&id=37325&sid=46C8BAEFD3B172C538D09F2DA9A37BC0,'2017-08-02,info@plastec.com.my,PLAS-TEC INDUSTRIES SDN BHD,LOT 950 JLN JALONG SG SIPUT (U)  31100 PERAK,,05 - 5986014
http://edirectory.matrade.gov.my/application/edirectory.nsf/profile?OpenForm&id=43077&sid=FE776550012A0C6416D04757EDE19CA6,'2017-08-02,drlinglp@gmail.com,TT BIOTECHNOLOGIES SDN BHD,"PLOT 104, HILIR SUNGAI KELUANG 5 BAYAN LEPAS FIZ 4 PENANG 11900 PULAU PINANG",,04 - 6456294
http://edirectory.matrade.gov.my/application/edirectory.nsf/profile?OpenForm&id=43456&sid=3BBB8083785EEDDE1574FA263188D69A,'2017-08-02,malaysia.pmi@gmail.com,PMI PNEUMATIC (M) SDN BHD,"24, JLN BAGAN NIRA 26/8 HICOM INDUSTRIAL ESTATE SECTION 26, SHAH ALAM 40000 SELANGOR",,03 - 51918055
http://edirectory.matrade.gov.my/application/edirectory.nsf/profile?OpenForm&id=14418&sid=411EE08F5DA60699E5BDB9285C62B33C,'2017-08-02,ys_poly@yahoo.com,Y S POLYCARBONATE SDN BHD,"35 & 37, JALAN UTAMA 1/13 TAMAN PERINDUSTRIAN PUCHONG UTAMA, SECTION 1 PUCHONG 47100 SELANGOR",,03 - 80619299
http://edirectory.matrade.gov.my/application/edirectory.nsf/profile?OpenForm&id=8077&sid=3BE602C75C4EFD1A5E87A47222EEDAC8,'2017-08-02,natty77@streamyx.com,NATTY TEAM CORPORATION (M) SDN BHD,"15,JLN  ANGGERIK MOKARA 31/59 KOTA KEMUNING SHAH ALAM 40460 SELANGOR",,03 - 51227797
http://edirectory.matrade.gov.my/application/edirectory.nsf/profile?OpenForm&id=36814&sid=4CDD8C7871A49B72C9FBDE9647CF8E43,'2017-08-02,klpp_pack@yahoo.com,KL-PP PACKAGING SDN BHD,"LOT NO.513, JLN PERUSAHAAN 3 BANDAR BARU SG BULOH SG BULOH 47000 SELANGOR",,012 - 3245835
http://edirectory.matrade.gov.my/application/edirectory.nsf/profile?OpenForm&id=46647&sid=81C2CE8B49EAC9AFF151DF8AE4ECFD65,'2017-08-02,khkoh@mme-co.com,MODERN MATERIAL ENTERPRISES (M) SDN BHD,"3, LRG P/1B, SECTION 13 BANGI INDUSTRIAL ESTATE BANDAR BARU BANGI 43650 SELANGOR",,03 - 89261048
http://edirectory.matrade.gov.my/application/edirectory.nsf/profile?OpenForm&id=32179&sid=E7A16127549835AD665451D6B1302154,'2017-08-02,yjkhoo@huiyepm.com,HUIYE POLYMER (M) SDN BHD,"PLO 80, JLN CYBER 5 SENAI INDUSTRIAL PARK III SENAI 81400 JOHOR",,07 - 5993399
http://edirectory.matrade.gov.my/application/edirectory.nsf/profile?OpenForm&id=75393&sid=31A61EA83BA5C474C68D52D5C2F3FF18,'2017-08-02,tcf.tcfabrication@gmail.com,TC FABRICATION,9-2 JALAN 9/42 TAMAN SEJAHTERA 51200 KUALA LUMPUR,,03 - 61792859
http://edirectory.matrade.gov.my/application/edirectory.nsf/profile?OpenForm&id=52243&sid=B2B67CA43F56C6590B08F83C53F3B04E,'2017-08-02,jansenlim@cepcogroup.com.my,DANAPAC INDUSTRIES (M) SDN BHD,"PLOT 991, MK 1 SOLOK PERUSAHAAN 3 KWS PERUSAHAAN PERAI MIEL 13600 PULAU PINANG",,04 - 3992088
http://edirectory.matrade.gov.my/application/edirectory.nsf/profile?OpenForm&id=8251&sid=362C48033990A429F546296EA8F03EFE,'2017-08-02,sales@cashma.com,HONG KEE PLASTIC INDUSTRIES SDN BHD,LOT 98 RAWANG INTEGRATED INDUSTRIAL PARK RAWANG 48000 SELANGOR,,03 - 60922333
http://edirectory.matrade.gov.my/application/edirectory.nsf/profile?OpenForm&id=35865&sid=DAA23757ABBF335E702BAB6444786A41,'2017-08-02,sales@plastflute.com,PLASTFLUTE INDUSTRIES SDN BHD,"LOT 762, JALAN HAJI FIRAT, KLANG UTAMA, 42100, KLANG, SELANGOR DARUL EHSAN 42100 SELANGOR",,03 - 32913198
http://edirectory.matrade.gov.my/application/edirectory.nsf/profile?OpenForm&id=9411&sid=485146B166F02A42BC27E0DB2D20877D,'2017-08-02,info@graceinterlink.com,GRACE INTERLINK (M) SDN BHD,"C-05-03,BLOCK C,PLAZA KELANA JAYA JLN SS7/13A PETALING JAYA 47301 SELANGOR",,03 - 78778839
http://edirectory.matrade.gov.my/application/edirectory.nsf/profile?OpenForm&id=74808&sid=C341000C3AFA08AC4E62C97F995A261A,'2017-08-02,amri@infratech.com.my,INFRA TECH ENGINEERING,"687, JALAN RAJA PEREMPUAN ZAINAB II KUBANG KERIAN KOTA BHARU 16150 KELANTAN",,09 - 7640617
http://edirectory.matrade.gov.my/application/edirectory.nsf/profile?OpenForm&id=38454&sid=CEAA45155290AF794D1E91CBC3543BC3,'2017-08-02,wymach@gmail.com,WY MACHINERY MANUFACTURER SDN BHD,"PT. 14479, PERSIARAN BG PERDANA 4 TAMAN BATU GAJAH PERDANA PUSING, PERAK 31550 PERAK",,03 - 2828199
http://edirectory.matrade.gov.my/application/edirectory.nsf/profile?OpenForm&id=11039&sid=1880E3E23F884BC9FCA289B4B932F98A,'2017-08-02,masray_plastik@yahoo.com,MASRAY PLASTIK SDN BHD,LOT 24 KAWASAN PERINDUSTRIAN KELEMAK ALOR GAJAH 78000 MELAKA,,06 - 5569735
http://edirectory.matrade.gov.my/application/edirectory.nsf/profile?OpenForm&id=7751&sid=9B1282CCC6CF329AB025D1217D8AEEAB,'2017-08-02,sue.maximpoly@gmail.com,EVERISE STELLAR (M) SDN BHD,"LOT 1556, 19TH MILE OFF JALAN KAJANG-SEMENYIH KAJANG JAYA INDUSTRIAL, SEMENYIH 43500 SELANGOR",,03 - 87234799
http://edirectory.matrade.gov.my/application/edirectory.nsf/profile?OpenForm&id=67260&sid=1E3DAB3404D86A96F1D6D78D7B8B68D1,'2017-08-02,lee_khaiguan@kanzen.com.my,KANZEN MICRO TECHNOLOGY SDN BHD,12-16 JLN P 2/3 SECTION 2 BANDAR TEKNOLOGI KAJANG 43500 SELANGOR,,03 - 87235992
http://edirectory.matrade.gov.my/application/edirectory.nsf/profile?OpenForm&id=15989&sid=E0F6BC28071FE6D5CBAA34FEF4E94FB0,'2017-08-02,mail@interlink.com.my,MABETTA MARKETING,"NO.1322 GROUND FLOOR, LORONG MALINJA 1 TMN SEPAKAT, KEPALA BATAS SEBERANG PERAI 13200 PULAU PINANG",,04 - 5771441
http://edirectory.matrade.gov.my/application/edirectory.nsf/profile?OpenForm&id=4846&sid=B3D5D0F97002A59D949CF0F315A9AF65,'2017-08-02,lorraine@daikishinkyo.com,DAIKI SHINKYO INDUSTRIES SDN BHD,NO.8 JLN WAWASAN 16 KAW PERINDUSTRIAN SRI GADING II BATU PAHAT 83000 JOHOR,,07 - 4556336
http://edirectory.matrade.gov.my/application/edirectory.nsf/profile?OpenForm&id=4070&sid=92C63B100DDB5C7D8804E531C1AB1B5B,'2017-08-02,polytank@malaysiaolefins.com,REFINED POLYMERS SDN BHD,NO. 18 JLN PENDAMAR 27/90 SECTION 27 SHAH ALAM 40000 SELANGOR,,03 - 51924199
http://edirectory.matrade.gov.my/application/edirectory.nsf/profile?OpenForm&id=78720&sid=0AA2125AE1E4AE4E77D50C8B9B4853FA,'2017-08-02,sales@maslina.com.my,SYARIKAT MASLINA SDN BHD,9 JLN BERINGIN TMN BERINGIN SENAI JOHOR DARUL TAKZIM 81400 JOHOR,,07 - 5992226
http://edirectory.matrade.gov.my/application/edirectory.nsf/profile?OpenForm&id=83477&sid=5BEB803D876B7AECE45F1E82DC661CA0,'2017-08-02,sales@specsplas.com,SPECS ADVANCED MATERIAL SDN BHD,3-1 JALAN DU 2/1 TAMAN DAMAI UTAMA 47180 SELANGOR,,03 - 80802922
http://edirectory.matrade.gov.my/application/edirectory.nsf/profile?OpenForm&id=65078&sid=2CFD41BAB1E79113B4DEBE4B19E9CE42,'2017-08-02,avp.marketing@dnoncetech.com,ATTRACTIVE VENTURE SDN BHD,"PLOT 425,MUKIM 1, TINGKAT PERUSAHAAN 6A PRAI FREE TRADE ZONE PRAI 13600 PULAU PINANG",,04 - 3996393
http://edirectory.matrade.gov.my/application/edirectory.nsf/profile?OpenForm&id=5557&sid=83DA942FA3E2F371FEF08D36F1083B6A,'2017-08-02,kcleong@mpmal.po.my,MULFORD PLASTICS (M) SDN BHD,"3, JALAN TPP 6/8 TAMAN PERINDUSTRIAN PUCHONG PUCHONG 47100 SELANGOR",,03 - 80622198
http://edirectory.matrade.gov.my/application/edirectory.nsf/profile?OpenForm&id=77777&sid=95169B18F93DB30A9DE10FE894C42608,'2017-08-02,moorthi_ka@yahoo.com,GREENDAS BIOTECH (MALAYSIA) SDN BHD,"F-3-16, IOI BOULEVARD JALAN KENARI 5 BANDAR PUCHONG JAYA 47170 SELANGOR",,03 - 80732784
http://edirectory.matrade.gov.my/application/edirectory.nsf/profile?OpenForm&id=37830&sid=F235F8D517315A3C37624A6505D96E69,'2017-08-02,sahamutama@gmail.com,SAHAM UTAMA SDN BHD,"NO.145, 1ST FLOOR, BLOCK 6 LAMAN SERI BUSINESS PARK, PERSIARAN SUKAN SEKSYEN 13, SHAH ALAM 40100 SELANGOR",,03 - 55121701
http://edirectory.matrade.gov.my/application/edirectory.nsf/profile?OpenForm&id=78205&sid=13242AA8BC8065D5E1E97343678D05C0,'2017-08-02,jasontan@tex-ls.com,TEXCHEM LIFE SCIENCES SDN BHD,LOT 3 JALAN P/6 KAW PERINDUSTRIAN BANGI BANDAR BARU BANGI 43650 SELANGOR,,03 - 89250370
http://edirectory.matrade.gov.my/application/edirectory.nsf/profile?OpenForm&id=64099&sid=CF991B0BEC9DE583C1A0E2E329FABAD0,'2017-08-02,sinhwalim@essentra.com,ESSENTRA MALAYSIA SDN BHD,BLOCK D5-5-6 SOLARIS DUTAMAS 1 JALAN DUTAMAS 1 50480 KUALA LUMPUR,,03 - 62073333
http://edirectory.matrade.gov.my/application/edirectory.nsf/profile?OpenForm&id=43724&sid=12CFA59C313A010903DCF5D0DD4BC92D,'2017-08-02,flexxess@gmail.com,SYNTHETIC COMPOUND CENTRE SDN BHD,"28, JALAN 35, KAW 16 SG RASA INDUSTRIAL ESTATE KLANG 41300 SELANGOR",,03 - 33446678
http://edirectory.matrade.gov.my/application/edirectory.nsf/profile?OpenForm&id=13694&sid=2C9FC5BFB5712D69DDB2257AC89856F3,'2017-08-02,yylem@abric.com,ESSENTRA ASIA SDN BHD,"LOT 196803, HALA JATI 12 KAW PERINDUSTRIAN TAMAN MERU OFF JALAN JELAPANG, IPOH 30020 PERAK",,05 - 5018100
http://edirectory.matrade.gov.my/application/edirectory.nsf/profile?OpenForm&id=69231&sid=7F732C91B1154D3BCA4B66856A68EE70,'2017-08-02,sj_polyplas@yahoo.com,SJ POLYPLAS MARKETING SDN BHD,19 JLN KEMPAS 4 TAMAN TAMPOI INDAH INDUSTRIAL PARK 81200 JOHOR,,07 - 2365890
http://edirectory.matrade.gov.my/application/edirectory.nsf/profile?OpenForm&id=42363&sid=AE4FB64DB737BABECB7710034F07337E,'2017-08-02,info@stpolymer.com,ST POLYMER INDUSTRIES (M) SDN BHD,"3, JLN BISTARI 7 TAMAN INDUSTRI JAYA SKUDAI 81300 JOHOR",,07 - 5121599
http://edirectory.matrade.gov.my/application/edirectory.nsf/profile?OpenForm&id=4465&sid=F657F83EEBD5B3B2AE2E5276C689C9C3,'2017-08-02,admin@srikota.com,SRI KOTA RUBBER MFG SDN BHD,LT 45 ALOR GAJAH INDUSTRIAL ESTATE  78000 MELAKA,,06 - 5563688
http://edirectory.matrade.gov.my/application/edirectory.nsf/profile?OpenForm&id=8841&sid=8BCA22030CED26513E8C8C455E05B1EE,'2017-08-02,info@riger.com.my,RIGER CORPORATION (M) SDN BHD,"UNIT 1058, 10TH  FLOOR, BLOCK A-2 PUSAT DAGANG SETIA JAYA JLN PJS 8/9 SUNWAY, PETALING JAYA 46150 SELANGOR",,03 - 78752888
http://edirectory.matrade.gov.my/application/edirectory.nsf/profile?OpenForm&id=43721&sid=BCB3094E605080C605626189F02D8DF1,'2017-08-02,sumohose@gmail.com,SUMO HOSE MANUFACTURING SDN BHD,"24, JLN 35, KAW 16 SG RASA INDUSTRIAL ESTATE KLANG 41300 SELANGOR",,03 - 33444678
http://edirectory.matrade.gov.my/application/edirectory.nsf/profile?OpenForm&id=13276&sid=BF66F8FBF6F9CAB578DC1D74AF9955E5,'2017-08-02,sales@polycomposite-sb.com,POLYCOMPOSITE SDN BHD,"75-2, JALAN TKS 1 TAMAN KAJANG SENTRAL KAJANG 43000 SELANGOR",,03 - 87379004
http://edirectory.matrade.gov.my/application/edirectory.nsf/profile?OpenForm&id=78055&sid=2099C596693E22953CD9F3F5332C8853,'2017-08-02,victorious.step@yahoo.com,VICTORIOUS STEP SDN BHD,14 JALAN APOLLO U5/193 BANDAR PINGGIRAN SUBANG SHAH ALAM 40150 SELANGOR,,03 - 78471979
http://edirectory.matrade.gov.my/application/edirectory.nsf/profile?OpenForm&id=79652&sid=05DF57BC765AAC1655616FC6945E9F08,'2017-08-02,clamert.info@gmail.com,CLAME RESOURCES & TRADING,"22, JALAN MUTIARA EMAS 2/16 TAMAN MOUNT AUSTIN JOHOR BAHRU 81100 JOHOR",,07 - 3518355
http://edirectory.matrade.gov.my/application/edirectory.nsf/profile?OpenForm&id=81048&sid=1173264A64D38477F2257C8ADCD5F1F4,'2017-08-02,admin@alpha-reliance.com,ALPHA RELIANCE INDUSTRIES SDN BHD,12-1 JALAN 3/1 TAMAN SERI MERDEKA AMPANG 68000 SELANGOR,,03 - 42927800
http://edirectory.matrade.gov.my/application/edirectory.nsf/profile?OpenForm&id=76013&sid=B6BC20D844BA4070851D74E1ADF41322,'2017-08-02,newace@newace-dp.com,NEW-ACE PLASTICS SDN BHD,9-2 JALAN 9/42 TAMAN SEJAHTERA 51200 KUALA LUMPUR,,03 - 62506460
http://edirectory.matrade.gov.my/application/edirectory.nsf/profile?OpenForm&id=11925&sid=A03248931963DAFB535CDC6E8FBEB4E9,'2017-08-02,sales@herculesmalaysia.com,HERCULES SDN BHD,LOT 1 JALAN GUDANG 16/9 P.O.BOX 7415 SHAH ALAM 40714 SELANGOR,,03 - 55192839
http://edirectory.matrade.gov.my/application/edirectory.nsf/profile?OpenForm&id=14769&sid=FFF521CDA659B3DA2A59C4D9B62D198E,'2017-08-02,sekeba@gmail.com,SEKEBA PLASTIC SDN BHD,"PLOT 14, LOT 7643, KAW PERINDUSTRIAN SG SIPUT FASA 2 SG SIPUT (U) 31100 PERAK",,05 - 5973242
http://edirectory.matrade.gov.my/application/edirectory.nsf/profile?OpenForm&id=81485&sid=F1349A34D0D75843F12214A1CB4B4A4E,'2017-08-02,stephanie@titandsb.com,TITAN DESIGNS SDN BHD,8-1 JALAN KEMUNING PRIMA D33/D KEMUNING UTAMA SHAH ALAM 40400 SELANGOR,,03 - 51222918
http://edirectory.matrade.gov.my/application/edirectory.nsf/profile?OpenForm&id=76721&sid=513F167E00E56771903CF52730729B17,'2017-08-02,info-asia@kraiburg-tpe.com,KRAIBURG TPE TECHNOLOGY (M) SDN BHD,LOT 1839 JALAN KPB 6 KAWASAN PERINDUSTRIAN BALAKONG SERI KEMBANGAN 43300 SELANGOR,,03 - 89621393
http://edirectory.matrade.gov.my/application/edirectory.nsf/profile?OpenForm&id=75996&sid=74FCEC47499B6874372C4BFD023DBF34,'2017-08-02,pa_bog@100visioncare.com,CK EYEWEAR SDN BHD,35 JALAN 8/146 BANDAR TASIK SELATAN 57000 KUALA LUMPUR,,03 - 90562222
http://edirectory.matrade.gov.my/application/edirectory.nsf/profile?OpenForm&id=76523&sid=E4DE47E3978ED7B2BB543D98F5B12D8C,'2017-08-02,info@mam.minaik.com,MIN AIK TECHNOLOGY (M) SDN BHD,ST 814 KAW PERINDUSTRIAN MASJID TANAH MASJID TANAH 78300 MELAKA,,06 - 3851268
http://edirectory.matrade.gov.my/application/edirectory.nsf/profile?OpenForm&id=76157&sid=D176353C31A4F9DA2F9D8F6D0F183003,'2017-08-02,kyl.pipingtec@gmail.com,PIPING TECHNOLOGY SDN BHD,"6, JALAN APOLLO U5/193 BANDAR PINGGIRAN SUBANG SHAH ALAM 40150 SELANGOR",,03 - 78316833
http://edirectory.matrade.gov.my/application/edirectory.nsf/profile?OpenForm&id=11567&sid=7B9BFD357BA39156E9FEED354A4D397D,'2017-08-02,nicoletan@triplus.com.my,TRIPLUS PRECISION TOOLS & DIES SDN BHD,"LOT 5012, JLN TERATAI 5½ MILE, MERU KLANG 41050 SELANGOR",,03 - 33929788
http://edirectory.matrade.gov.my/application/edirectory.nsf/profile?OpenForm&id=6531&sid=ED154492FFE2AE89C3AFA08BAC9C61DA,'2017-08-02,sci@semi.com.my,SEMI CONVERTOR INDUSTRIES SDN BHD,"LOT 27, JALAN INDUSTRI 3/1 KAW PERINDUSTRIAN GOPENG GOPENG 31600 PERAK",,05 - 3577041
http://edirectory.matrade.gov.my/application/edirectory.nsf/profile?OpenForm&id=76927&sid=B492D36C07978C2594D7311A312D9257,'2017-08-02,enhanceplastic@yahoo.com,ENHANCE PLASTIC INDUSTRIES SDN BHD,LOT 21820 MAIN ROAD JELAPANG IPOH 30020 PERAK,,05 - 5264857
http://edirectory.matrade.gov.my/application/edirectory.nsf/profile?OpenForm&id=13824&sid=698DB6B9187FE46E5485042BEC20D070,'2017-08-02,info@simfoni.cekap.com,SIMFONI CEKAP SDN BHD,"9, 6TH MILE, JALAN BUKIT KEMUNING SECTION 34 SHAH ALAM 40460 SELANGOR",,03 - 51625966
http://edirectory.matrade.gov.my/application/edirectory.nsf/profile?OpenForm&id=8282&sid=4A4BBF1E59520B4110B2AF2C935FB7AE,'2017-08-02,betty@yokefoong.com,YOKE FOONG PLASTIC INDUSTRIES SDN BHD,NO. 8 & 13 JALAN 1 KAWASAN PERINDUSTRIAN HI-TECH 2 JALAN SUNGAI LALANG 43500 SELANGOR,,03 - 87245525
http://edirectory.matrade.gov.my/application/edirectory.nsf/profile?OpenForm&id=15950&sid=455621AC469A300401F4506AE98DE5B9,'2017-08-02,liza@karyongroup.com.my,HSING LUNG SDN BHD,"1, JALAN SRI PLENTONG 6 TAMAN PERINDUSTRIAN SRI PLENTONG MASAI 81750 JOHOR",,07 - 3864198
http://edirectory.matrade.gov.my/application/edirectory.nsf/profile?OpenForm&id=14428&sid=E83036021544B72361F93D4343208BEF,'2017-08-02,sales@substation.com.my,DELTA SAMA JAYA SDN BHD,"23G & 23 M, DSSB BUILDING JALAN PERDANA 6/8 PANDAN PERDANA 55300 KUALA LUMPUR",,03 - 92866328
http://edirectory.matrade.gov.my/application/edirectory.nsf/profile?OpenForm&id=15961&sid=B4BB80915CF69AE4E40D1DE757185FF8,'2017-08-02,amir.icbp@gmail.com,INDOCHINE BIO PLASTIQUES (ICBP) SDN BHD,"DO9, JALAN TANJUNG A/4 FREE TRADE ZONE PORT OF TANJUNG PELEPAS 81560 JOHOR",,07 - 5071585
http://edirectory.matrade.gov.my/application/edirectory.nsf/profile?OpenForm&id=85892&sid=19A6CDAAF718442CA7101E7F54CAB6DE,'2017-08-02,inquiry@welldone.com.my,WELLDONE & DORMAT (M) SDN BHD,"600, JALAN 22 TAMAN PERINDUSTRIAN EHSAN JAYA TAMAN EHSAN, KEPONG 52100 KUALA LUMPUR",,03 - 62720532
http://edirectory.matrade.gov.my/application/edirectory.nsf/profile?OpenForm&id=5507&sid=0C604F0DDC13BD6D4C7FA93CEA117B26,'2017-08-02,ivy@vericardsys.com,CHIP CARD SDN BHD,LOT 62 JALAN PERUSAHAAN RINGAN OFF JALAN GENTING KLANG 53200 KUALA LUMPUR,,03 - 40221199
http://edirectory.matrade.gov.my/application/edirectory.nsf/profile?OpenForm&id=42195&sid=EDEE75E901B2E30D2B68438B6EFAF8A9,'2017-08-02,product@myideas.com.my,DOMINO DESIGN & PROTOTYPING SDN BHD,"NO.27, JALAN BP5 BANDAR BUKIT PUCHONG  47100 SELANGOR",,03 - 80516375
http://edirectory.matrade.gov.my/application/edirectory.nsf/profile?OpenForm&id=86283&sid=F154C730CDEDD4A8BA30842109366F32,'2017-08-02,info@alphamost.com,ALPHAMOST CORPORATION SDN BHD,"14, JALAN BS 7/10 KAW. PERINDUSTRIAN BKT SERDANG SERI KEMBANGAN 43300 SELANGOR",,03 - 89428682
http://edirectory.matrade.gov.my/application/edirectory.nsf/profile?OpenForm&id=7999&sid=B1A77921E34FEDC39A8FF3818F6F199D,'2017-08-02,julian@emalliance.com,EASTERN MOLD ALLIANCE SDN BHD,"11-2-2, JALAN 6/62D MEDAN PUTRA BUSINESS CENTRE BANDAR MANJALARA 52200 KUALA LUMPUR",,03 - 62613741
http://edirectory.matrade.gov.my/application/edirectory.nsf/profile?OpenForm&id=87028&sid=D9EBD6048BCE4C87750D13855DC27FB5,'2017-08-02,farhanashariff.k@gmail.com,BARISAN MAJUJUTA SDN BHD,"58, JLN PERUSAHAAN JELUTONG 1 FORTUNE PARK JELUTONG 11600 PULAU PINANG",,04 - 2817051
http://edirectory.matrade.gov.my/application/edirectory.nsf/profile?OpenForm&id=87464&sid=59B8B38791666D3689929FF589AD915D,'2017-08-02,wktneh@euratech.com.my,EURATECH INDUSTRIES SDN BHD,"LOT 1478 NILAI INDUSTRAIL ESTATE, PHASE II NILAI 71800 NEGERI SEMBILAN",,06 - 7998989
http://edirectory.matrade.gov.my/application/edirectory.nsf/profile?OpenForm&id=87114&sid=58B8C5A058F01AF8AB943DCB2DE32041,'2017-08-02,metroplastic.lawrence@gmail.com,METRO PLASTIC MANUFACTURER SDN BHD,LOT 8 ( 4843 ) JALAN PERUSAHAAN KAW PERUSAHAAN RINGAN TUPAI TAIPING 34000 PERAK,,012 - 5938816
http://edirectory.matrade.gov.my/application/edirectory.nsf/profile?OpenForm&id=77460&sid=0C619DAC5C737EE7FE47F85696374013,'2017-08-02,soogim@thongguan.com,TGSH PLASTIC INDUSTRIES SDN BHD,"LOT 3232, JALAN PAYA MENGKUANG PADANG LEMBU GURUN 08330 KEDAH",,04 - 4417888
http://edirectory.matrade.gov.my/application/edirectory.nsf/profile?OpenForm&id=86903&sid=A9FC167F7EA9EB6F2E4D1EC9D15914CD,'2017-08-02,nilailegasi@gmail.com,NILAI LEGASI PLASTIK SDN BHD,319 LORONG RAJAWALI TAMAN PAROI JAYA SEREMBAN 70400 NEGERI SEMBILAN,,06 - 7330757
http://edirectory.matrade.gov.my/application/edirectory.nsf/profile?OpenForm&id=70772&sid=C58D663DC1A8D7C7B2EC7A04449CF8ED,'2017-08-02,cynthia@skcproducts.com,SKC PRODUCTS SDN BHD,"26, JALAN INDAH 1/2 TAMAN INDUSTRI RAWANG INDAH RAWANG 48000 SELANGOR",,03 - 60914921
http://edirectory.matrade.gov.my/application/edirectory.nsf/profile?OpenForm&id=38457&sid=76EA994D914E37D3ADA90B2F7ED4C1F3,'2017-08-02,m-tec@hiyori.com.my,M-TEC ROBOTIC SDN BHD,PLOT 533 KAW PERINDUSTRIAN TAMAN CENDANA KG SURKAM SG PETANI 08000 KEDAH,,04 - 4214900
http://edirectory.matrade.gov.my/application/edirectory.nsf/profile?OpenForm&id=10389&sid=B8EDB95DB01728A01C88376A39218119,'2017-08-02,asmaccount@acrylicsm.com.my,ACRYLIC SIGNS MATERIAL SDN BHD,"7, JLN TAMING 1 TAMING JAYA INDUSTRIAL PARK BALAKONG 43300 SELANGOR",,03 - 89613366
http://edirectory.matrade.gov.my/application/edirectory.nsf/profile?OpenForm&id=63013&sid=82DC507201FF9CC066EC332DAC309113,'2017-08-02,ken@dinxings.com.my,DINXINGS (M) SDN BHD,"40, BATU 17 JLN GURUN GUAR CHEMPEDAK 08300 KEDAH",,04 - 4477932
http://edirectory.matrade.gov.my/application/edirectory.nsf/profile?OpenForm&id=15565&sid=0EEE20BC9510335AB9EC8F6BE7FB7ADE,'2017-08-02,export@metasafety.com,META-ALLIANCE INDUSTRIES (M) SDN BHD (FORMERLY KNOWN AS META-ALLIANCE SDN BHD),"LOT 408 & 409, JALAN SUNGAI TEKALI, HULU LANGAT,  43100 SELANGOR",,03 - 90213233
http://edirectory.matrade.gov.my/application/edirectory.nsf/profile?OpenForm&id=77459&sid=DD39330EB1BB504941700BB889EF88A0,'2017-08-02,davidang@thongguan.com,TGP MARKETING SDN BHD,"LOT 52, JALAN PKNK 1/6 KAW PERUSAHAAN SUNGAI PETANI SUNGAI PETANI 08000 KEDAH",,04 - 4417888
http://edirectory.matrade.gov.my/application/edirectory.nsf/profile?OpenForm&id=9732&sid=7466A813A3DA95F7EE1445001F7132B0,'2017-08-02,tricia@aceadvertrade.com,ACE ADVERTRADE SDN BHD,"39-1 JLN KEMUNING PRIMA C 33/C, KEMUNING UTAMA, SEKSYEN 33, SHAH ALAM  40400 SELANGOR",,019 - 9100002
http://edirectory.matrade.gov.my/application/edirectory.nsf/profile?OpenForm&id=48566&sid=FC545E85B964C093F51519E86690B4D0,'2017-08-02,john@1-invention.com,1-INVENTION SDN BHD,"15, JALAN SS25/34 TAMAN MAYANG PETALING JAYA 47301 SELANGOR",,03 - 78803320
http://edirectory.matrade.gov.my/application/edirectory.nsf/profile?OpenForm&id=89176&sid=404BE151BC9A442978527E3A6B67D5E2,'2017-08-02,jls@makamincapital.com,MAKAMIN CAPITAL SDN BHD,79A DAMANSARA UPTOWN JALAN 21/37 47400 SELANGOR,,010 - 0108888825
http://edirectory.matrade.gov.my/application/edirectory.nsf/profile?OpenForm&id=53133&sid=B3DE6A0DD0ABE5A4FC41113C3C9331AF,'2017-08-02,abibaplastic@yahoo.com,ABIBA PLASTIC INDUSTRIES SDN BHD,"1741, LORONG INDUSTRY 2 TAMAN PERINDUSTRIAN BUKIT PANCHOR NIBONG TEBAL 14300 PULAU PINANG",,017 - 4941933
http://edirectory.matrade.gov.my/application/edirectory.nsf/profile?OpenForm&id=8544&sid=23771AC05F68AD3CC7B9F691D6B2DA90,'2017-08-02,badri@pointray.com.my,POINTRAY (MALAYSIA) SDN BHD,"6-2 JLN 8/23E, TAMAN DANAU KOTA OFF JLN GENTING KELANG SETAPAK 53300 KUALA LUMPUR",,03 - 41420052
http://edirectory.matrade.gov.my/application/edirectory.nsf/profile?OpenForm&id=60763&sid=F2828E0EB86362C72075853D39DF0FA5,'2017-08-02,zulfairis@kenafshoppe.com,KPC MANUFACTURING (M) SDN BHD,"LOT 335 (C), BATU 26 JLN SG. LALANG ULU SEMEYIH 43500 SELANGOR",,011 - 14269739
http://edirectory.matrade.gov.my/application/edirectory.nsf/profile?OpenForm&id=89629&sid=7E7AC86F1179D0D715EB0F10B2C0ED56,'2017-08-02,info@winstarbrush.com,WINSTAR TECHNOLOGY ENTERPRISE,"32, JALAN TU 54 TAMAN TASIK UTAMA AYER KEROH 75450 MELAKA",,012 - 6831922
http://edirectory.matrade.gov.my/application/edirectory.nsf/profile?OpenForm&id=89632&sid=A8495F01FB3D354EF265457C4B4E6689,'2017-08-02,ttleow@pen-classic.com,PEN-CLASSIC INDUSTRIES SDN BHD,"8, LORONG INDUSTRI 6 KAWASAN INDUSTRI BUKIT PANCHOR NIBONG TEBAL 14300 PULAU PINANG",,04 - 5931199
http://edirectory.matrade.gov.my/application/edirectory.nsf/profile?OpenForm&id=13074&sid=DDD465852502E0D6FC7CF5246F4872A3,'2017-08-02,gpchng@professional-tools.com,PROFESSIONAL TOOLS & DIES SDN BHD,"7118, KAW PERINDUSTRIAN MAK MANDIN MAK MANDIN BUTTERWORTH 13400 PULAU PINANG",,04 - 3322335
http://edirectory.matrade.gov.my/application/edirectory.nsf/profile?OpenForm&id=15493&sid=69C054E381D05E3733156266F997D04A,'2017-08-02,mark.rampling@lnegroup.net,LNE NETWORK SYSTEMS (ASIA) SDN BHD (FORMERLY KNOWN AS MID-WONDER INDUSTRIES SDN BHD),"NO. 8, JALAN KIP 3 KIP INDUSTRIAL PARK, SRI DAMANSARA  52200 KUALA LUMPUR",,03 - 62742400
http://edirectory.matrade.gov.my/application/edirectory.nsf/profile?OpenForm&id=11984&sid=BF38BA8F31772C4DA08A747D6EC4FE09,'2017-08-02,akmar@selia-tek.com,SELIA-TEK SDN BHD,"NO. 6, 8, 10 & 12, JALAN MARIKH U5/175 BANDAR PINGGIRAN SUBANG SHAH ALAM 40150 SELANGOR",,03 - 78456251
http://edirectory.matrade.gov.my/application/edirectory.nsf/profile?OpenForm&id=7083&sid=CCA75AC7C8F2B815A9EB6131CF115840,'2017-08-02,andy.hartanto@dynapackasia.com,VISCOUNT PLASTICS (MALAYSIA) SDN BHD,P.O. BOX 28 BANDAR BARU BANGI BANGI 43650 SELANGOR,,03 - 89250921
http://edirectory.matrade.gov.my/application/edirectory.nsf/profile?OpenForm&id=37237&sid=21012DC82ECC432F0616CE00BFBFC887,'2017-08-02,swchan@erapoly.com,ERAPOLY MARKETING SDN BHD,"LOT 4089, JLN P4/8 SECTION 4 BANDAR TEKNOLOGI KAJANG SEMENYIH 43500 SELANGOR",,03 - 87237988
http://edirectory.matrade.gov.my/application/edirectory.nsf/profile?OpenForm&id=93832&sid=1B9B975A3A802BA42F93730597296D31,'2017-08-02,smap_mp@yahoo.com,SMAP PLASTICS SDN.BHD.,NO 7 JALAN WAWASAN 3 KAWASAN PERINDUSTRIAN SG KAPAR INDAH BATU 6 JALAN KAPAR KLANG 42200 SELANGOR,,03 - 32904378
http://edirectory.matrade.gov.my/application/edirectory.nsf/profile?OpenForm&id=77461&sid=3AAA78AD139CB011DF8999D9C35342E0,'2017-08-02,seanlee@thongguan.com,TG POWER WRAP SDN BHD,BATU 33 JALAN SUNGAI PETANI KE ALOR SETAR SUNGAI LALANG 08100 KEDAH,,04 - 4417888
http://edirectory.matrade.gov.my/application/edirectory.nsf/profile?OpenForm&id=82481&sid=2BF8954671F35D8E98B2FDEFA02A9D89,'2017-08-02,adan@adanlaundry.com,QUBAH EMAS RESOURCES SDN BHD,"D-003, VISTA SHOP, JLN PJU 10/3D DAMANSARA DAMAI QUBAH EMAS RESOURCES SDN BHD 47830 SELANGOR",,03 - 61500749
http://edirectory.matrade.gov.my/application/edirectory.nsf/profile?OpenForm&id=69698&sid=6FC381CC34760B93AE3FFA1D446164B6,'2017-08-02,admin@ellipsepallet.com,ELLIPSE PALLET INDUSTRIES SDN BHD,A-2-2 PLAZA MEDAN PUTRA JALAN MEDAN PUTRA 6 52200 KUALA LUMPUR,,03 - 60344393
http://edirectory.matrade.gov.my/application/edirectory.nsf/profile?OpenForm&id=80271&sid=B4F9D0BB0A06C8B2A339A0AE7DA19C20,'2017-08-02,cosmalbobbin@gmail.com,COSMAL MANUFACTURING (M) SDN BHD,LOT 3 PHASE IV ALOR GAJAH INDUSTRIAL ESTATE 78000 MELAKA,,06 - 5565966
http://edirectory.matrade.gov.my/application/edirectory.nsf/profile?OpenForm&id=10586&sid=FE1933A099410F09982BA7D2B481863F,'2017-08-02,office@agisson.com.my,AGISSON SDN BHD,"23-01, JALAN SERI PERKASA 2/1 TAMAN TAMPOI UTAMA JOHOR BHARU 81200 JOHOR",,03 - 60574401
http://edirectory.matrade.gov.my/application/edirectory.nsf/profile?OpenForm&id=95207&sid=B9DF52B3657B999C76CF05E03F10B835,'2017-08-02,sales@hawesco.com.my,HAWESCO INDUSTRIES,NO 6 JALAN TPP 1/17 TAMAN INDUSTRI PUCHONG 47100 SELANGOR,,012 - 3778128
http://edirectory.matrade.gov.my/application/edirectory.nsf/profile?OpenForm&id=95718&sid=38AD45D0FBFC726425E1747B3713F7B6,'2017-08-02,info@miripoly.com,MIRIPOLY INDUSTRIES SDN BHD,LOT 1599 BK 6 KBLD TECHNOLOGY INDUSTRIAL 8 DESA SENADIN MIRI 98000 SARAWAK,,085 - 663771
http://edirectory.matrade.gov.my/application/edirectory.nsf/profile?OpenForm&id=9214&sid=39F52CDD2413B490B38D6642247ADEBE,'2017-08-02,sam@glasfil.com,GLASFIL POLYMER SDN BHD,"NO. 24, JALAN PERUSAHAAN 3 SERI KEMBANGAN  43300 SELANGOR",,03 - 89488509
http://edirectory.matrade.gov.my/application/edirectory.nsf/profile?OpenForm&id=96381&sid=B3F213755C8086B43411CCA7C72BBFB0,'2017-08-02,taisengmuar@gmail.com,TAI SENG (MUAR) SDN BHD,LOT 4519 BUKIT BATU BAKRI BUKIT BAKRI MUAR 84200 JOHOR,,06 - 9860755
http://edirectory.matrade.gov.my/application/edirectory.nsf/profile?OpenForm&id=99490&sid=3DB9FFC553255190747DA2860A136C5A,'2017-08-02,sales@allspot.com.my,ALLSPOT INDUSTRY SDN. BHD.,34 JALAN IMJ 5 TAMAN INDUSTRI MALIM JAYA  75250 MELAKA,,06 - 3368835
http://edirectory.matrade.gov.my/application/edirectory.nsf/profile?OpenForm&id=37750&sid=B57401B324D2DAD37161312CC63DB8BD,'2017-08-02,goldp@streamyx.com,GOLDREIGN PLASTIC(M) SDN BHD,23 JALAN KESUMA 2/1 BANDAR TASIK KESUMA BERANANG 43700 SELANGOR,,03 - 87233600
http://edirectory.matrade.gov.my/application/edirectory.nsf/profile?OpenForm&id=12948&sid=005373905E24F3E3F36791684E5FB4B7,'2017-08-02,sales@shengfoongplastic.com,SHENG FOONG PLASTIC INDUSTRIES SDN BHD,"3, KM 10, OFF JALAN SIPUTEH-TRONOH KAW PERINDUSTRIAN SIPUTEH TRONOH 31750 PERAK",,05 - 3677163
http://edirectory.matrade.gov.my/application/edirectory.nsf/profile?OpenForm&id=10395&sid=243830F4A298DF4E78441DDC2B4459E3,'2017-08-02,yirin@dynaplast.com.my,DYNAPLAST (M) SDN BHD,"16, JALAN P 10/16 TAMAN INDUSTRI SELAMAN, SECTION 10 BANDAR BARU BANGI 43650 SELANGOR",,03 - 89262623
http://edirectory.matrade.gov.my/application/edirectory.nsf/profile?OpenForm&id=9884&sid=E55CFB8E82BA527FA0F50BE0AAE1401F,'2017-08-02,meowsiang_khor@gf-technology.com,GF TECHNOLOGY SDN BHD,"PLOT 108, KAW PERINDUSTRIAN BAYAN LEPAS 4 HILIR SG KELUANG 5 BAYAN LEPAS 11900 PULAU PINANG",,04 - 6413106
http://edirectory.matrade.gov.my/application/edirectory.nsf/profile?OpenForm&id=99325&sid=554A16BB6B06A6B20C04BA2E470579C6,'2017-08-02,inquiry.aromatech@gmail.com,AROMATECH SDN BHD,PLOT 4 PT 2228 & PLOT 7 PT 2229 JALAN BATU ARANG BT 23 KG SG BAKAU RAWANG 48000 SELANGOR,,03 - 89326682
http://edirectory.matrade.gov.my/application/edirectory.nsf/profile?OpenForm&id=86039&sid=CCF6EF485D2B19A05517D7E6143F6FAA,'2017-08-02,mailadmin@medicalcompound.com,SYG MEDICAL COMPOUND SDN. BHD.,"16, JALAN KILANG 1, JELAPANG LIGHT INDUSTRIAL ESTATE,  30100 PERAK",,05 - 5267952
http://edirectory.matrade.gov.my/application/edirectory.nsf/profile?OpenForm&id=13807&sid=022A3B7D94B3E036B5F3A76D5356B20B,'2017-08-02,walltrdg@gmail.com,WALL TRADING,14 JALAN ANGGERIK 3/1 TAMAN ANGGERIK JOHOR BHARU 81200 JOHOR,,07 - 5583873
http://edirectory.matrade.gov.my/application/edirectory.nsf/profile?OpenForm&id=3746&sid=14ECDF0AFE431ACEC5AB95C00B9E815E,'2017-08-02,alexleong@polyworld.com.my,POLYWORLD SDN BHD,"NO.15-17, JALAN P6/2, SECTION 6 BANDAR TEKNOLOGI KAJANG SEMENYIH 43500 SELANGOR",,03 - 87242933
http://edirectory.matrade.gov.my/application/edirectory.nsf/profile?OpenForm&id=93618&sid=57C5579F508963FF58C03314BCA1454A,'2017-08-02,ac.aunlian@yahoo.com.my,AUN LIAN PLASTIC RESOURCES SDN BHD,PMT 425 LORONG IKS TASEK 3 TAMAN INDUSTRI TASEK 14100 PULAU PINANG,,04 - 5888968
http://edirectory.matrade.gov.my/application/edirectory.nsf/profile?OpenForm&id=100336&sid=64C5CE6FFA9914C513FA37B8203E7A7F,'2017-08-02,DARRENCHOOI@SIENCHIN.COM.MY,SIEN CHIN PLASTIC SDN BHD,NO 2 LALUAN PERUSAHAAN KLEDANG 3 KAWASAN PERINDUSTRIAN CHANDAN RAYA MENGLEMBU 31450 PERAK,,05 - 2829188
http://edirectory.matrade.gov.my/application/edirectory.nsf/profile?OpenForm&id=100535&sid=B0E4D091A7B338683A2EA280D470A24D,'2017-08-02,accessplastic14@gmail.com,ACCESS PLASTIC SDN BHD,LOT 10230 JALAN SRI CHEDING KAMPUNG SRI CHEDING 42700 SELANGOR,,03 - 31913625
http://edirectory.matrade.gov.my/application/edirectory.nsf/profile?OpenForm&id=69791&sid=D743FD9912840FA7A76FBB719DF9A6AC,'2017-08-02,cwt.globaltrade@yahoo.com,CWT GLOBAL TRADE SDN BHD,"10, LEBOH SUNGAI KERAMAT 6 TAMAN KLANG UTAMA KLANG 42100 SELANGOR",,03 - 32906200
http://edirectory.matrade.gov.my/application/edirectory.nsf/profile?OpenForm&id=100763&sid=84FB0F9887620651947A656C16E9A272,'2017-08-02,gib.ooi@megafortris.com,MEGA FORTRIS SECURITY BAGS (MALAYSIA) SDN BHD,NO 29 JALAN ANGGERIK MOKARA 31/47 KOTA KEMUNING SEKSYEN 31 SHAH ALAM 40460 SELANGOR,,03 - 51226118
http://edirectory.matrade.gov.my/application/edirectory.nsf/profile?OpenForm&id=58727&sid=7F519562D825C890A5408FA23113AB4D,'2017-08-02,tsplastics@gmail.com,TS PLASTICS SDN BHD,"PT30131, OFF JLN JOHAN 2/1A ESTET PERINDUSTRIAN PENGKALAN II PUSING 31550 PERAK",,05 - 3666899
http://edirectory.matrade.gov.my/application/edirectory.nsf/profile?OpenForm&id=33569&sid=F927BCEAD0BC769E8FA5584A387BB8C9,'2017-08-02,tython@beltec.com.my,BELTEC SDN BHD,"LORONG 2B, LOT 280, JLN TUDM KG BARU SUBANG SHAH ALAM 40150 SELANGOR",,03 - 78591928
http://edirectory.matrade.gov.my/application/edirectory.nsf/profile?OpenForm&id=44333&sid=DC2169EEFFB90371F68F0B75C4CDE7BF,'2017-08-02,info@cpchemie.com,CP CHEMIE RESOURCES (M) SDN BHD,"PT. 360, JALAN TPP 5/1 TAMAN PERINDUSTRIAN PUCHONG, SECTION 5 PUCHONG 47160 SELANGOR",,03 - 80615629
http://edirectory.matrade.gov.my/application/edirectory.nsf/profile?OpenForm&id=14909&sid=B68A91724287DD0BBB433A13E25539B8,'2017-08-02,gsong@vschemicals.com.my,VS CHEMICALS (MALAYSIA) SDN BHD,"509 & 609, BLOCK B, PHILEO DAMANSARA 1 9, JALAN 16/11 OFF JALAN DAMANSARA PETALING JAYA 46350 SELANGOR",,03 - 79581975
http://edirectory.matrade.gov.my/application/edirectory.nsf/profile?OpenForm&id=13134&sid=F26BB33F30E6868087C575A02937157F,'2017-08-02,hq-team@packerman.com.my,PACKERMAN SDN BHD,"11, JALAN TU 51A TAMAN TASIK UTAMA AYER KEROH 75450 MELAKA",,06 - 2318888
http://edirectory.matrade.gov.my/application/edirectory.nsf/profile?OpenForm&id=98321&sid=149FA65102C16165CD18B5D9B42AE919,'2017-08-02,johanks2007@yahoo.com,SRI KELUARGA SDN BHD,72-1 JALAN PUTERI 2/2 BANDAR PUTERI PUCHONG 47100 SELANGOR,,016 - 6620203
http://edirectory.matrade.gov.my/application/edirectory.nsf/profile?OpenForm&id=64536&sid=71244C812B78C220909192DC1ED5AC1C,'2017-08-02,sales@gbplas.com,GB PLAS SDN BHD,3785 JLN CHANGKAT NIBONG TEBAL 14300 PULAU PINANG,,04 - 5942333
http://edirectory.matrade.gov.my/application/edirectory.nsf/profile?OpenForm&id=65964&sid=0EBB17EA4E8A514D0C48B0C8C7D1B1AF,'2017-08-02,customerservice@3gdoor.com.my,GIANNI PANEL SDN BHD,"5154, LORONG18/62B TMN SERI SERDANG SERI KEMBANGAN 43300 SELANGOR",,03 - 89488835
http://edirectory.matrade.gov.my/application/edirectory.nsf/profile?OpenForm&id=14055&sid=DAC1D91E5FB3B3BE963CF5D11FF65EAC,'2017-08-02,alfred@syg53.com,SIN YONG GUAN INDUSTRIES SDN BHD,8 SOLOK RISHAH 2 KAWASAN PERINDUSTRIAN SILIBIN IPOH 30100 PERAK,,05 - 5267231
http://edirectory.matrade.gov.my/application/edirectory.nsf/profile?OpenForm&id=13013&sid=567C50454D7E4AF01D6AE0F406FB3B3D,'2017-08-02,psang@uniang.com,UNIANG PLASTIC INDUSTRIES (SABAH) SDN BHD,P.O. BOX 13624 KOTA KINABALU  88841 SABAH,,088 - 423881
http://edirectory.matrade.gov.my/application/edirectory.nsf/profile?OpenForm&id=98683&sid=A43B619B57E3904E94C15D47105587AA,'2017-08-02,sales@ecocarton.com.my,ECO CARTON SDN BHD,NO 1 JALAN TANMING 12 TANMING JAYA INDUSTRIAL PARK BALAKONG 43300 SELANGOR,,03 - 89607093
http://edirectory.matrade.gov.my/application/edirectory.nsf/profile?OpenForm&id=13056&sid=ECDCF8044F65FDBD85F9069437276ED1,'2017-08-02,enquiry@hexagonquest.com,HEXAGON QUEST SDN BHD,"NO 9 & 10, JALAN MEGA B, TAMAN INDUSTRI MEGA, SEMENYIH, 43500 SELANGOR",,03 - 82107477
http://edirectory.matrade.gov.my/application/edirectory.nsf/profile?OpenForm&id=94239&sid=2277BDF11F4DB57393344FBC7D40AA31,'2017-08-02,alex@bessrain.com,BESSTEM PLASTICS (M) SDN BHD,19 JALAN 5/1 TAMAN INDUSTRI SELESA JAYA OFF JALAN BALAKONG  43300 SELANGOR,,03 - 89619131
http://edirectory.matrade.gov.my/application/edirectory.nsf/profile?OpenForm&id=71464&sid=A311438C1E1B2006EFD48F22834B7C3D,'2017-08-02,ks.teoh@optosem-tech.com,OPTOSEM SYSTEMS SDN BHD,5 & 5A JALAN TAMPOI 7/4 KAW PERUSAHAAN JALAN TAMPOI 81200 JOHOR,,07 - 3341953
http://edirectory.matrade.gov.my/application/edirectory.nsf/profile?OpenForm&id=98960&sid=BB5F385C36198B4A848CEF9475FA49F1,'2017-08-02,info@bfpborneo.com,BORNEO FLEXIBLE PACKAGING SDN BHD,LOT 3 LORONG BURUNG KELETO BATU 5.5 JALAN TUARAN BY PASS KOTA KINABALU 88450 SABAH,,088 - 429299
http://edirectory.matrade.gov.my/application/edirectory.nsf/profile?OpenForm&id=98782&sid=B5FB4897B2F0943823A7DF6AFA857C1A,'2017-08-02,fmsecurityprinter@gmail.com,FM SECURITY PRINTER SDN BHD,WISMA FEDERAL MALAY HOLDINGS NO 10 PERSIARAN 65C PEKELILING BUSINESS CENTRE JALAN PAHANG BARAT 53000 KUALA LUMPUR,,03 - 40221010
http://edirectory.matrade.gov.my/application/edirectory.nsf/profile?OpenForm&id=48567&sid=128A44449B58ADD77A8C246C975BE348,'2017-08-02,khairul@epmb.com.my,FUNDWIN SDN BHD,"8 & 10, JALAN JURUTERA U1/23, SEKSYEN U1, KAWASAN PERINDUSTRIAN HICOM GLENMARIE, SHAH ALAM 40150 SELANGOR",,03 - 78036663
http://edirectory.matrade.gov.my/application/edirectory.nsf/profile?OpenForm&id=46571&sid=F831A9CDB25EFB12A6DE97614F3AE1D2,'2017-08-02,info@polytemasek.com,POLY TEMASEK SDN BHD,NO.9 JLN BANANG 2 TMN JOHOR INDUSTRIAL AREA JOHOR BAHRU 81200 JOHOR,,07 - 2388128
http://edirectory.matrade.gov.my/application/edirectory.nsf/profile?OpenForm&id=64980&sid=E2FE3927B5CD00597BEE5906688CA4C5,'2017-08-02,khteo@tekheng.com,PERDAGANGAN GIN THYE SDN BHD,"7, JALAN SELUANG TAMAN INDAH JAYA KLUANG 86000 JOHOR",,07 - 7878788
http://edirectory.matrade.gov.my/application/edirectory.nsf/profile?OpenForm&id=101678&sid=59161FA3100FB4115EF17A1585289EA7,'2017-08-02,gcm@greatcosmo.com,GREAT COSMO INDUSTRIES SDN BHD,LOT 9674 G BATU 11 DESA AMAN SG BULOH 47000 SELANGOR,,03 - 61577899
http://edirectory.matrade.gov.my/application/edirectory.nsf/profile?OpenForm&id=102805&sid=FDF13A78437A3C9C12B33236BACBF6EB,'2017-08-02,enquiry@euromalaysia,EURO SME SDN BHD,NO 5 JLN UTARID U5/1 SEKSYEN U5 MAH SING INTEGRATED INDUSTRIAL PARK SHAH ALAM 40150 SELANGOR,,03 - 78466301
http://edirectory.matrade.gov.my/application/edirectory.nsf/profile?OpenForm&id=95456&sid=B3A65D9749B2F2F682E1CDFF7A7442EA,'2017-08-02,rbarcher2015@hotmail.com,RB ARCHER (M) SDN BHD,"129A, JALAN PENDAMAR 27/90, ALAM MEGAH INDUSTRIAL PARK, SEKSYEN 27  40400 SELANGOR",,18 - 3821993
http://edirectory.matrade.gov.my/application/edirectory.nsf/profile?OpenForm&id=97877&sid=16F7F1188525E0780DA436563C8BD79D,'2017-08-02,fusenmkt@hotmail.com,FU SEN PLASTIC INDUSTRIES SDN BHD,LOT 1992 PARIT JAMIL DARAT - PARIT MISLAM PARIT JAWA MUAR 84150 JOHOR,,017 - 5629199
http://edirectory.matrade.gov.my/application/edirectory.nsf/profile?OpenForm&id=102806&sid=5435350CB2DD2C036EA918108F79899F,'2017-08-02,info@euromalaysia.com,EURO NATURE GREEN SDN BHD,NO 5 JALAN UTARID U5/1 SECTION U5 MAH SING INTEGRATED INDUSTRIAL PARK SHAH ALAM 40150 SELANGOR,,03 - 78466301
http://edirectory.matrade.gov.my/application/edirectory.nsf/profile?OpenForm&id=80254&sid=22CEC83BCE3AB7CBA63D807155C3D56B,'2017-08-02,abidin@subitec.com.my,SUBITEC SDN BHD,"NO. 2, 4 & 6. JALAN TU 54, TAMAN TASEK UTAMA AYER KEROH 75450 MELAKA",,06 - 2347200
http://edirectory.matrade.gov.my/application/edirectory.nsf/profile?OpenForm&id=104160&sid=1D9167E21B7AC0DA43DF780489BC0928,'2017-08-02,shenfeienterprise@gmail.com,SHEN FEI ENTERPRISE,LOT 225093 JALAN GOPENG TUNGZEN INDUSTRIAL PARK MUKIM SG. RAIA KAMPUNG KEPAYANG IPOH 31300 PERAK,,016 - 5006130
http://edirectory.matrade.gov.my/application/edirectory.nsf/profile?OpenForm&id=103933&sid=5F20F30302CC716EF52B5451C3794604,'2017-08-02,kongswee@yahoo.com.my,GUESS MASTER SDN BHD,27-1 JALAN 5/38D TAMAN SRI SINAR  52200 KUALA LUMPUR,,03 - 62740785
http://edirectory.matrade.gov.my/application/edirectory.nsf/profile?OpenForm&id=9095&sid=3A3EF4E5CE764797C5F682E1FE7E99B8,'2017-08-02,mathi@gpf.com,SAN MIGUEL PLASTIC FILMS SDN BHD,"172, JLN USAHA 5 AYER KEROH INDUSTRIAL ESTATE  75450 MELAKA",,06 - 2322177
http://edirectory.matrade.gov.my/application/edirectory.nsf/profile?OpenForm&id=12938&sid=D0314888EEED233DAC1DF0229D525F04,'2017-08-02,cltai@lsspi.com,LEE SOON SENG PLASTIC INDUSTRIES SDN BHD,"LOT 3304, 24 1/2 MILE JLN KULAI - AIR HITAM 81000, KULAI 81000 JOHOR",,07 - 6522288
http://edirectory.matrade.gov.my/application/edirectory.nsf/profile?OpenForm&id=7980&sid=86E5E24D09B0C3A25EA4233C3D4BCEA3,'2017-08-02,maggiehr@polyplassb.com,POLYPLAS SDN BHD,"2056, MK 14, LORONG IKS BKT MINYAK 5 TAMAN IKS BKT MINYAK BKT MERTAJAM 14100 PULAU PINANG",,04 - 5070188
http://edirectory.matrade.gov.my/application/edirectory.nsf/profile?OpenForm&id=3629&sid=05BF0F288C735D92B164C912C07CFEF3,'2017-08-02,hr@plastik-v.com,PLASTIK V SDN BHD,"LOT 8595, KG AIR HITAM 6 1/2 MILE, JLN LANGAT KLANG 41200 SELANGOR",,03 - 31221111
http://edirectory.matrade.gov.my/application/edirectory.nsf/profile?OpenForm&id=7807&sid=7F967759678CF64B31BF76F00DDDFED7,'2017-08-02,plastradehr@plestradegroup.com,PLEXTECH (MALAYSIA) SDN BHD,"PLO 264, JLN FIRMA 3 KAW  PERINDUSTRIAN TEBRAU IV JOHOR BAHRU 81100 JOHOR",,07 - 3523899
http://edirectory.matrade.gov.my/application/edirectory.nsf/profile?OpenForm&id=11285&sid=A7B6D8E2CE1D26AD1B5043502770E841,'2017-08-02,export34@pomtraders.com,POM TRADERS SDN BHD,"34A, JLN MELAKA RAYA 13 PRIME SQUARE TAMAN MELAKA RAYA 75000 MELAKA",,06 - 2817101
http://edirectory.matrade.gov.my/application/edirectory.nsf/profile?OpenForm&id=12145&sid=FF6549A0CE6DAF971605813DCDE736D7,'2017-08-02,corlite@hotmail.com,CORLITE PACKAGING INDUSTRIES SDN BHD,"LOT 6, JLN WAWASAN 1 KAW PERINDUSTRIAN SUNGAI KAPAR INDAH 6TH MILE, JALAN KAPAR, KLANG 42200 SELANGOR",,03 - 32904399
http://edirectory.matrade.gov.my/application/edirectory.nsf/profile?OpenForm&id=67426&sid=8943D9A829FE636CD12D914D8C7E1529,'2017-08-02,admin@scentpur.com,SCENT PUR MANUFACTURING (M) SDN BHD,"PLOT 4 PT 2228 & PLOT 7 PT 2229 JLN BATU ARANG BT 23 KG SG BAKAU, RAWANG 48000 SELANGOR",,03 - 89326682
http://edirectory.matrade.gov.my/application/edirectory.nsf/profile?OpenForm&id=83573&sid=74A010CAE873FC4E9DA69ECC9EE06AC1,'2017-08-02,ramesh.k@nseetechnics.com,NSEETECH INDUSTRIES SDN BHD,"NO 477, JALAN PERUSAHAAN 3 BANDAR BARU SUNGAI BULOH  47000 SELANGOR",,03 - 61511730
http://edirectory.matrade.gov.my/application/edirectory.nsf/profile?OpenForm&id=15091&sid=9CC154FBD42904C23DBA86D67E1AC07D,'2017-08-02,wktan@clpg.com.my,CLPG PACKAGING INDUSTRIES SDN BHD,"PLOT 135, JLN PERINDUSTRIAN BKT MINYAK 4 KAW PERINDUSTRIAN BKT MINYAK BKT MERTAJAM 14100 PULAU PINANG",,04 - 5010202
http://edirectory.matrade.gov.my/application/edirectory.nsf/profile?OpenForm&id=13864&sid=0B560F689EA5717D54C54BB7FBCBEB4C,'2017-08-02,heermanz@gmail.com,IDEAL HEALTH CARE SDN BHD,"70 & 71, JALAN SUNGAI TUKANG 2/1 KAWASAN PERUSAHAAN SUNGAI TUKANG SUNGAI PETANI 08000 KEDAH",,04 - 4227775
http://edirectory.matrade.gov.my/application/edirectory.nsf/profile?OpenForm&id=8176&sid=181A2314BA7C04CBF5329F0B6B4F7883,'2017-08-02,davidang@thongguan.com,THONG GUAN PLASTIC & PAPER INDUSTRIES SDN BHD,LOT 52 JALAN PKNK 1/6 KAWASAN PERINDUSTRIAN SUNGAI PETANI SUNGAI PETANI 08000 KEDAH,,04 - 4417888
http://edirectory.matrade.gov.my/application/edirectory.nsf/profile?OpenForm&id=57880&sid=5F12670CCC7897E598F8520AC92F5A0A,'2017-08-02,ckwan@respack.com.my,RESPACK MANUFACTURING SDN BHD,29 & 30 KAWASAN PERINDUSTRIAN RINGAN BAKAR ARANG SUNGAI PETANI 08000 KEDAH,,04 - 4239885
http://edirectory.matrade.gov.my/application/edirectory.nsf/profile?OpenForm&id=2864&sid=C7262322539A3454DE7B64605F681644,'2017-08-02,joeyyeong@clover-p.com,CLOVER PLASTIC (M) SDN BHD,"LOT PT 49, 51 & 53, JALAN USAHA 6, MERLIMAU INDUSTRIAL ESTATE MERLIMAU 77300 MELAKA",,06 - 2632634
http://edirectory.matrade.gov.my/application/edirectory.nsf/profile?OpenForm&id=2426&sid=C968E2520B0FF000E126A9C8DE412ED1,'2017-08-02,custservice@jebco.com.my,KUMPULAN JEBCO (M) SDN BHD,LOT 1569 JLN KUSTA KAWASAN PERINDUSTRIAN KG JAYA SUNGAI BULOH 47000 SELANGOR,,03 - 61578282
http://edirectory.matrade.gov.my/application/edirectory.nsf/profile?OpenForm&id=9952&sid=A4CB4BEB3C369ED5E231AE90DE51288B,'2017-08-02,finance@polyparts.com.my,POLYPARTS SDN BHD,"2, PERSIARAN PERINDUSTRIAN SILIBIN 2 KAW PERINDUSTRIAN RINGAN SILIBIN IPOH 30100 PERAK",,05 - 5267071
http://edirectory.matrade.gov.my/application/edirectory.nsf/profile?OpenForm&id=4901&sid=731793B0594DD3865C4B9C402DAAF775,'2017-08-02,admin@perceptive.com.my,PERCEPTIVE PROFILE SDN BHD,"PT 19251, PERSIARAN BT GAJAH PERDANA 10 TMN PERINDUSTRIAN BT GAJAH PERDANA PUSING 31550 PERAK",,05 - 3665439
http://edirectory.matrade.gov.my/application/edirectory.nsf/profile?OpenForm&id=6256&sid=89CBDA11110B6F289124CF6A81051B44,'2017-08-02,khseah@henghiap.com.my,HENG HIAP INDUSTRIES SDN BHD,"PLO 138, JALAN NIBONG KAWASAN PERINDUSTRIAN TANJUNG LANGSAT PASIR GUDANG 81700 JOHOR",,07 - 2562886
http://edirectory.matrade.gov.my/application/edirectory.nsf/profile?OpenForm&id=12673&sid=730196E14B828BD85CCAD4D893CB1DB2,'2017-08-02,adtech.m@gmail.com,ADTECH MALAYSIA SDN BHD,"NO. 33 JALAN KOPORAT/KU9 TAMAN PERINDUSTRIAN MERU,KLANG 42200 SELANGOR",,03 - 33936933
http://edirectory.matrade.gov.my/application/edirectory.nsf/profile?OpenForm&id=11850&sid=6623559DFA2A2D03D6C56DBFA834B9BA,'2017-08-02,kyleong@hhmould.com,H.H. PRECISION MOULD SDN BHD,"LOT 6, JALAN HALBA 16/16 SECTION 16 SHAH ALAM 40200 SELANGOR",,03 - 55107972
http://edirectory.matrade.gov.my/application/edirectory.nsf/profile?OpenForm&id=9618&sid=178294831CD6D187DFCA206B40E36E63,'2017-08-02,info@my.hlhightech.com,H & L HIGH-TECH SDN BHD,"NO. 6, JALAN TSB 1 TAMAN INDUSTRI SUNGAI BULOH SUNGAI BULOH 47000 SELANGOR",,03 - 61576339
http://edirectory.matrade.gov.my/application/edirectory.nsf/profile?OpenForm&id=11435&sid=0C6D24C42550AEBB890A7FCAAA7AE373,'2017-08-02,enquiry@fragstar.com,FRAGSTAR CORPORATION SDN BHD,"LOT 215, MUKIM SEMELING SUNGAI TOK PAWANG, 1ST MILE BEDONG 08100 KEDAH",,04 - 4588299
http://edirectory.matrade.gov.my/application/edirectory.nsf/profile?OpenForm&id=35727&sid=F5CC550BFCE056B40263F77F7ED4156E,'2017-08-02,sales@cppowders.com,CP POWDERS SDN BHD,"NO.30, LINTANG SUNGAI KERAMAT 2A/KU06 TAMAN INDUSTRI KLANG UTAMA KLANG 42100 SELANGOR",,03 - 32918226
http://edirectory.matrade.gov.my/application/edirectory.nsf/profile?OpenForm&id=34501&sid=CE3685B19A58EE4BBCDE6D18B6C55031,'2017-08-02,nooraffida.zulbahari@toyoplas.com.my,TOYOPLAS MANUFACTURING (MALAYSIA) SDN BHD,20 & 22 JALAN GEMILANG 1 TAMAN PERINDUSTRIAN CEMERLANG ULU TIRAM 81800 JOHOR,,07 - 8673108
http://edirectory.matrade.gov.my/application/edirectory.nsf/profile?OpenForm&id=105813&sid=EE350586542E2438BA261B68EF9B0B84,'2017-08-02,kmtechnology3@gmail.com,KM PLASTICS TECHNOLOGY SDN. BHD.,LOT 7508 JALAN BATU TIGA BUKIT CHERAKAH KG BARU SUBANG 40150 SELANGOR,,03 - 78591385
http://edirectory.matrade.gov.my/application/edirectory.nsf/profile?OpenForm&id=13107&sid=B858D8744E10945789471EF520885389,'2017-08-02,logistic@trisen.com.my,TRISEN MANUFACTURING SDN BHD,"LOT 4079, JALAN P4/8 BANDAR TEKNOLOGI KAJANG SEMENYIH 43500 SELANGOR",,03 - 87231212
http://edirectory.matrade.gov.my/application/edirectory.nsf/profile?OpenForm&id=7173&sid=B3A5445AAC050CC6BFFFFA46E18396C6,'2017-08-02,info@tomher.com.my,TOMHER INDUSTRIAL SDN BHD,"MILE 16, JALAN TUARAN, BOX A-83 KOTA KINABALU  89357 SABAH",,088 - 788999
http://edirectory.matrade.gov.my/application/edirectory.nsf/profile?OpenForm&id=7676&sid=975C12B830538921E7EBD95DA91E9E65,'2017-08-02,angie@tongyong.com.my,TONG YONG RUBBER (M) SDN BHD,"PT 71 JALAN HULU TINGGI 26/6 SECTION 26, HICOM INDUSTRIAL ESTATE SHAH ALAM 40000 SELANGOR",,03 - 51915782
http://edirectory.matrade.gov.my/application/edirectory.nsf/profile?OpenForm&id=9939&sid=405DCBDCA97E7621351D9763DEC5A672,'2017-08-02,chuiyen.cheah@paling.com.my,PALING INDUSTRIES SDN BHD,LOT 12 JALAN PERUSAHAAN 4 BATU CAVES 68100 SELANGOR,,03 - 61896389
http://edirectory.matrade.gov.my/application/edirectory.nsf/profile?OpenForm&id=69143&sid=CAAD0A81AED114E0A824BB0E18381116,'2017-08-02,topsifu@gmail.com,TOPSIFU (M) SDN BHD,"NO.37, JALAN SEMENYIH INTEGRATED 3, SEMENYIH INTEGRATED INDUSTRIAL PARK, 43500 SEMENYIH, SELANGOR, MALAYSIA 43500 SELANGOR",,03 - 87277698
http://edirectory.matrade.gov.my/application/edirectory.nsf/profile?OpenForm&id=11192&sid=D0EC05B5FC0BED0243E54B9A16BA3BDC,'2017-08-02,anacomp1919@gmail.com,PENRECON SDN BHD,"425 VALDOR ESTATE SG BAKAP, SEBERANG PRAI SELATAN PRAI 14200 PULAU PINANG",,04 - 5827366
http://edirectory.matrade.gov.my/application/edirectory.nsf/profile?OpenForm&id=9823&sid=93B3D1FBC0903121433A3EB6B62DFF92,'2017-08-02,pkcheong@lottechem.my,LOTTE CHEMICAL TITAN (M) SDN BHD,"6TH FLOOR, BANGUNAN MALAYSIAN RE NO. 17 LORONG DUNGUN, DAMANSARA HEIGHTS 50490 KUALA LUMPUR",,07 - 2538888
http://edirectory.matrade.gov.my/application/edirectory.nsf/profile?OpenForm&id=9605&sid=DFEB91ED6A04C3B9ED7EBBD824C8BE2C,'2017-08-02,mcome@mcomeplastic.com,M-COME MARKETING (MALAYSIA) SDN BHD,"12, JALAN PS 1/5 BANDAR PINGGIRAN SUBANG SHAH ALAM 40150 SELANGOR",,03 - 78474929
http://edirectory.matrade.gov.my/application/edirectory.nsf/profile?OpenForm&id=13555&sid=1CAF2CA41064E38A163846A25F225C8E,'2017-08-02,admin@coveitchi.com.my,DELTA CREATION SDN BHD,"21, JALAN WAWASAN 8 KAW PERINDUSTRIAN SRI GADING BATU PAHAT 83300 JOHOR",,07 - 4559930
http://edirectory.matrade.gov.my/application/edirectory.nsf/profile?OpenForm&id=11883&sid=0F337A426D709531994ECAAAF7813533,'2017-08-02,admin@vinyl-base.com,VINYL BASE SDN BHD,"16, JALAN KILANG 1 JELAPANG LIGHT INDUSTRIAL ESTATE IPOH 30100 PERAK",,05 - 5262667
http://edirectory.matrade.gov.my/application/edirectory.nsf/profile?OpenForm&id=11593&sid=A23F0DCA04B0381BB4D69370A24B2490,'2017-08-02,sales@compacco.com,COMPACCO TECHNOLOGIES (M) SDN BHD,"LOT 6442, LORONG AYAM DIDIK 3 KAW PERINDUSTRIAN RINGAN, TAMAN RIA JAYA SUNGAI PETANI 08000 KEDAH",,04 - 4483126
http://edirectory.matrade.gov.my/application/edirectory.nsf/profile?OpenForm&id=35665&sid=4B35A6FCE20D523A0F0AD2BE7A56459B,'2017-08-02,sales@wespack.com.my,WESPACK WASTE MANAGEMENT SDN BHD,"8A, JALAN AWAN HIJAU, TAMAN OUG KUALA LUMPUR 58000 KUALA LUMPUR",,03 - 79891111
http://edirectory.matrade.gov.my/application/edirectory.nsf/profile?OpenForm&id=12906&sid=4651DE22EBA56EAA7D320EA549289D50,'2017-08-02,wernt@malex.com.my,MALEX PAPER PRODUCTS SDN BHD,"55 JALAN MURNI 4, TAMAN PERINDUSTRIAN MURNI SENAI 81400 JOHOR",,07 - 5909888
http://edirectory.matrade.gov.my/application/edirectory.nsf/profile?OpenForm&id=76270&sid=74180CDDFC893FE5C5EEE98C349DB71A,'2017-08-02,deprofile.sales@gmail.com,DEPROFILE SDN BHD,3383 MK 14 BUKIT MINYAK BUKIT MERTAJAM 14000 PULAU PINANG,,04 - 5021335
http://edirectory.matrade.gov.my/application/edirectory.nsf/profile?OpenForm&id=12168&sid=1DAB7034329DD210330FC161F6CA31DC,'2017-08-02,incline@inclinedynamics.com,INCLINE DYNAMICS SDN BHD,"2496, LORONG PERUSAHAAN BARU 2 PRAI INDUSTRIAL ESTATE PRAI 13600 PULAU PINANG",,04 - 3998677
http://edirectory.matrade.gov.my/application/edirectory.nsf/profile?OpenForm&id=5539&sid=67D728704C5FFB898F7263B6B404110B,'2017-08-02,tong@thinware.com,THINWARE PRODUCTS INDUSTRIES SDN BHD,"22,JALAN MARIKH U5/173, SECTION U5, BANDAR PINGGIRAN SUBANG, SHAH ALAM, 40150 SELANGOR",,03 - 78457388
http://edirectory.matrade.gov.my/application/edirectory.nsf/profile?OpenForm&id=88113&sid=E8581E39CACF57758EE8FFD84AF9EF57,'2017-08-02,jejemfg@gmail.com,JEJE MANUFACTURING (M) SDN BHD,"LOT 3290, PEKAN PAJAM MUKIM SETUL MANTIN 71700 NEGERI SEMBILAN",,06 - 7999579
http://edirectory.matrade.gov.my/application/edirectory.nsf/profile?OpenForm&id=8206&sid=5657C20D2547997A86CABE45FA4D4A85,'2017-08-02,marketing3@everydaybrush.com,EVERYDAY BRUSH INDUSTRIES (M) SDN BHD,"LOT 2, JALAN PERUSAHAAN RINGAN OFF JALAN GENTING KLANG  53200 KUALA LUMPUR",,03 - 40240010
http://edirectory.matrade.gov.my/application/edirectory.nsf/profile?OpenForm&id=9944&sid=FE58505DA2BB73A9E565A37538890CC9,'2017-08-02,chlim@esmtt.com,SMT TECHNOLOGIES SDN BHD,PLOT 102 & 102A BAKAR ARANG INDUSTRIAL ESTATE SG PETANI 08000 KEDAH,,04 - 4229881
http://edirectory.matrade.gov.my/application/edirectory.nsf/profile?OpenForm&id=3441&sid=B9C2692E252782E2D5ED277217F5A21B,'2017-08-02,mohnee.lim@polyware.com.my,POLYWARE SDN BHD,"7, JALAN ZARIB 1 ZARIB INDUSTRIAL PARK IPOH 31500 PERAK",,05 - 3232788
http://edirectory.matrade.gov.my/application/edirectory.nsf/profile?OpenForm&id=12796&sid=919B651148F168FB9BB888D3E6D31590,'2017-08-02,cslim@eastmade.com.my,EASTMADE TECHNOLOGY RESOURCES SDN BHD,"1, TINGKAT 1, LRG TERAS JAYA 2 KAW PERINDUSTRIAN RINGAN TERAS JAYA BUTTERWORTH 13400 PULAU PINANG",,04 - 3235662
http://edirectory.matrade.gov.my/application/edirectory.nsf/profile?OpenForm&id=14942&sid=AFC50DB6E62C295D63E9851CD33027B0,'2017-08-02,shencom@streamyx.com,SENCOPLAS INDUSTRIES SDN BHD,"65-1, JALAN METRO PERDANA BARAT 1 TAMAN USAHAWAN KEPONG KEPONG UTARA, KEPONG 52000 KUALA LUMPUR",,03 - 62503939
http://edirectory.matrade.gov.my/application/edirectory.nsf/profile?OpenForm&id=15944&sid=28C18365EC14537A579A618B75B00158,'2017-08-02,info@gpolymer.com,GLOBAL POLYMER SDN BHD,"15-1-16, MEDAN KG RELAU BAYAN POINT RELAU 11900 PULAU PINANG",,04 - 6468272
http://edirectory.matrade.gov.my/application/edirectory.nsf/profile?OpenForm&id=15327&sid=DA9C7398873F2C1AD99B93A35CEB90F6,'2017-08-02,fastrek_global@hotmail.com,FASTREK GLOBAL INDUSTRIES SDN BHD,"11, JALAN VILLARAYA 1/1 VILLARAYA INDUSTRIAL PARK 1 OFF JALAN SUNGAI LALANG, SEMENYIH 43500 SELANGOR",,03 - 87231611
http://edirectory.matrade.gov.my/application/edirectory.nsf/profile?OpenForm&id=14355&sid=D526A5FE10AABCD352CE60B5CDAA4855,'2017-08-02,enquiry@neuplastics.com,NEU PLASTICS SDN BHD (FORMELY KNOWN AS EN PLASTIC SDN BHD),"5, JALAN TPP 6/12, SECTION 6 TAMAN PERINDUSTRIAN PUCHONG PUCHONG 47100 SELANGOR",,03 - 80603089
http://edirectory.matrade.gov.my/application/edirectory.nsf/profile?OpenForm&id=33212&sid=978EA4AF989ECF6A663C8E3699E05401,'2017-08-02,info@livingwing.com.my,LIVING WING SDN BHD,"22A, JALAN PJU 3/48A SUNWAY DAMANSARA TECHNOLOGY PARK PETALING JAYA 47810 SELANGOR",,03 - 78803066
http://edirectory.matrade.gov.my/application/edirectory.nsf/profile?OpenForm&id=7597&sid=67C184FAFB732BDD5F183811E0F5746F,'2017-08-02,eddie@plasform.com.my,PLASFORM SDN BHD,"31-37, JALAN ASA 8 TAMAN ASA JAYA LIGHT INDUSTRIAL AREA KAJANG 43000 SELANGOR",,03 - 87373170
http://edirectory.matrade.gov.my/application/edirectory.nsf/profile?OpenForm&id=63924&sid=0D40210C3C656A5DD88C67485D8D9044,'2017-08-02,suki@combi-pack.com.my,COMBI-PACK SDN BHD,"LOT 31, JLN CJ 1/1, KAW PERINDUSTRIAN CHERAS JAYA, BATU 11 CHERAS BALAKONG 43200 SELANGOR",,03 - 90767076
http://edirectory.matrade.gov.my/application/edirectory.nsf/profile?OpenForm&id=15604&sid=660FAC6CF19DF28775C7A799D012653E,'2017-08-02,sales@yeka.com.my,YEKA PLASTIC INDUSTRIES SDN BHD,"2, JALAN BISTARI 3 TAMAN INDUSTRI JAYA SKUDAI 81300 JOHOR",,07 - 5124988
http://edirectory.matrade.gov.my/application/edirectory.nsf/profile?OpenForm&id=65341&sid=10DF70A4E8094E0FF040689B29CBFD97,'2017-08-02,kktan@jjmaxprecision.com,JJ MAX PRECISION ENGINEERING SDN BHD,36 JALAN BERTAM 6 TAMAN DAYA 81100 JOHOR,,07 - 3514597
http://edirectory.matrade.gov.my/application/edirectory.nsf/profile?OpenForm&id=64502&sid=BE04C51AEC0C4B46CF079C3071032A9F,'2017-08-02,gaiaplas@gagasangroup.com,GAIA PLAS SDN BHD,"41 JALAN ANGGERIK MOKARA 31/64 KOTA KEMUNING INDUSTRIAL AREA, SECTION 31 SHAH ALAM 40460 SELANGOR",,03 - 51929169
http://edirectory.matrade.gov.my/application/edirectory.nsf/profile?OpenForm&id=63937&sid=486CFB010217942C366E1F791A59B92C,'2017-08-02,info@xtrasim.com,XTRASIM MARKETING SDN BHD,2510 TINGKAT SELAMAT 10 KAMPUNG SELAMAT TASEK GELUGOR 13300 PULAU PINANG,,04 - 5736133
http://edirectory.matrade.gov.my/application/edirectory.nsf/profile?OpenForm&id=33307&sid=F0640973BE2C461C89E4148C12C42E82,'2017-08-02,exploit@exploit.com.my,EXPLOIT RESOURCES SDN BHD,"34A (PORTION B), JALAN 2C, KAMPUNG BARU SUBANG, SHAH ALAM 40150 SELANGOR",,03 - 78473981
http://edirectory.matrade.gov.my/application/edirectory.nsf/profile?OpenForm&id=14327&sid=8E3B652789C52AF0BEBBD5F5A2DC9930,'2017-08-02,garytankkb@gmail.com,THIAM HUAT PLASTIC INDUSTRIES SDN BHD,"LOT 52, JALAN E 1/2 TAMAN EHSAN INDUSTRIAL AREA, TAMAN EHSAN KEPONG 52100 KUALA LUMPUR",,03 - 62763601
http://edirectory.matrade.gov.my/application/edirectory.nsf/profile?OpenForm&id=4474&sid=11723B8AFFBBC44CC8B1AF25E549E079,'2017-08-02,jcgoh@seprinting.com.my,S.E.PRINTING (M) SDN BHD,"31A ,JALAN E1/3 KAW PERUSAHAAN TAMAN EHSAN KEPONG 52100 KUALA LUMPUR",,03 - 62766366
http://edirectory.matrade.gov.my/application/edirectory.nsf/profile?OpenForm&id=48876&sid=472961B867689FD7D996A128016884DA,'2017-08-02,wcw@progressagri.com,PROGRESS LIVESTOCK EQUIPMENT SDN BHD,"LOT 5016, BATU 4 JALAN AYER HITAM YONG PENG 83700 JOHOR",,07 - 4678823
http://edirectory.matrade.gov.my/application/edirectory.nsf/profile?OpenForm&id=67131&sid=5983E70AE8117C6D696227578DFBC7EE,'2017-08-02,angelo_mota@hotmail.com,ZOON FEE PLASTIC SDN BHD,"2, PERSIARAN PERUSAHAAN KLEDANG UTARA 1/1, TAMAN PERINDUSTRIAN CHANDAN RAYA, 31450, MENGLEMBU, IPOH 31450 PERAK",,05 - 2810337
http://edirectory.matrade.gov.my/application/edirectory.nsf/profile?OpenForm&id=66671&sid=E0EE13EBB93B38F73DB684C5A92F1F12,'2017-08-02,panglima.jenny@gmail.com,TNTTA MANUFACTURING SDN BHD,"3, JALAN MARIKH U5/175 BANDAR PINGGIRAN SUBANG, SEKSYEN U5 SHAH ALAM 40150 SELANGOR",,03 - 78454887
http://edirectory.matrade.gov.my/application/edirectory.nsf/profile?OpenForm&id=66660&sid=B4DB887500A1C0FBD83113E15177E52C,'2017-08-02,mtm1128@unifi.my,M-SEKI INDUSTRIES SDN BHD,"3, JALAN SELAT SELATAN 16 PANDAMARAN PORT KLANG 42000 SELANGOR",,03 - 40413380
http://edirectory.matrade.gov.my/application/edirectory.nsf/profile?OpenForm&id=50748&sid=CFBDFCF92D87C81BCF4F0879E7E5378F,'2017-08-02,info@asmana.com.my,ASMANA SDN BHD,"1-02-44&45, I-AVENUE MEDAN KG RELAU 1 BAYAN LEPAS 11900 PULAU PINANG",,04 - 6410294
http://edirectory.matrade.gov.my/application/edirectory.nsf/profile?OpenForm&id=64981&sid=873B8EB3E87AD06587C53FA7B6855265,'2017-08-02,www.n6industry@gmail.com,NSIX INDUSTRY SDN BHD,"11A, LORONG SERULING 1, KAMPUNG VALDOR, MUKIM 12, 14200, SEBERANG PERAI SELATAN, SUNGAI BAKAP 14200 PULAU PINANG",,04 - 5823626
http://edirectory.matrade.gov.my/application/edirectory.nsf/profile?OpenForm&id=61596&sid=32D3E89F9783824AC2B40D20FF8B004C,'2017-08-02,ganga@ocimex.com,OCIMEX RESOURCES,292-2 PERSIARAAN PEGAGA TAMAN BAYU PERDANA 41200 SELANGOR,,03 - 33233660
http://edirectory.matrade.gov.my/application/edirectory.nsf/profile?OpenForm&id=10225&sid=D4D9270E6419A375E4F75A4EA80E08B5,'2017-08-02,ganbk@unique-diamond.com.my,UNIQUE DIAMOND SDN BHD,"LOT 2735, JALAN RAJA NONG TAMAN SENTOSA KLANG 41200 SELANGOR",,03 - 51621268
http://edirectory.matrade.gov.my/application/edirectory.nsf/profile?OpenForm&id=53987&sid=CBFC029AC3CF5D758E122AF950B1DAE3,'2017-08-02,suhaira@rnzgroup.com,CARDIA BIOPLASTICS MANUFACTURING (M) SDN BHD,LEVEL 17 MENARA GREAT EASTERN 303 JALAN AMPANG 50450 KUALA LUMPUR,,03 - 42642600
http://edirectory.matrade.gov.my/application/edirectory.nsf/profile?OpenForm&id=50334&sid=BEF5F4C2CAFF6A2F3D4A69B864C8D683,'2017-08-02,clsoh@yokefoong.com,YOKE FOONG TUBES SDN BHD,"7,9&11 JALAN ANGGERIK MOKARA 31/52 KOTA KEMUNING, SHAH ALAM 40460 SELANGOR",,03 - 78464120
http://edirectory.matrade.gov.my/application/edirectory.nsf/profile?OpenForm&id=6263&sid=98AB0FAD878DBEED5B52758D602D1B6D,'2017-08-02,sales@wanpow.com,WANPOW PLASTIC INDUSTRIES SDN BHD,"2, JALAN P4/3 BANDAR TEKNOLOGI KAJANG  43500 SELANGOR",,03 - 87231487
http://edirectory.matrade.gov.my/application/edirectory.nsf/profile?OpenForm&id=14722&sid=01990C9EDEFB601845D18F42B3F64196,'2017-08-02,longheng@plastic-spoon.com,LONG HENG PLASTIC MANUFACTURING SDN BHD,"6, JALAN KOTA PUTRI 1, OFF JALAN MASAI LAMA KOTA PUTRI INDUSTRIAL PARK MASAI 81750 JOHOR",,07 - 3884901
http://edirectory.matrade.gov.my/application/edirectory.nsf/profile?OpenForm&id=14725&sid=59D3119263630F89C9C30990F5B56708,'2017-08-02,givc@streamyx.com,GIV CENTRE SDN BHD,"52-2, JALAN MEGA MENDUNG KOMPLEKS BANDAR, 5TH MILE OFF JALAN KELANG LAMA 58200 KUALA LUMPUR",,03 - 79812017
http://edirectory.matrade.gov.my/application/edirectory.nsf/profile?OpenForm&id=12959&sid=9410A5023293BAC68527C714AD0F8015,'2017-08-02,cavinw@silverplas.com,SILVERPLAS INDUSTRIES SDN BHD,"8, JALAN 7/3 KAW PERINDUSTRIAN SERI KEMBANGAN SERI KEMBANGAN 43300 SELANGOR",,03 - 89484663
http://edirectory.matrade.gov.my/application/edirectory.nsf/profile?OpenForm&id=14136&sid=88E2743ECC720CB99F7BF48F78C2F92B,'2017-08-02,ggpack@gmail.com,GLOBAL GREEN PACK SDN BHD,"A 101, 2ND FLOOR SRI DAGANGAN, JALAN TUN ISMAIL KUANTAN 25000 PAHANG",,09 - 5134533
http://edirectory.matrade.gov.my/application/edirectory.nsf/profile?OpenForm&id=7812&sid=4F5C7B3D11F5476C9546FC81C8A7371C,'2017-08-02,sales@supform.com.my,SUP-FORM INDUSTRIES SDN BHD,21 JALAN 2/118B DESA TUN RAZAK 56000 KUALA LUMPUR,,03 - 91736113
http://edirectory.matrade.gov.my/application/edirectory.nsf/profile?OpenForm&id=13715&sid=A8891264F9A2502354A7C0EFD1199D65,'2017-08-02,info@khihelmet.com,KHI MANUFACTURER SDN BHD,"23, JALAN DAGANG 8 TAMAN DAGANG JAYA AMPANG 68000 SELANGOR",,03 - 42928823
http://edirectory.matrade.gov.my/application/edirectory.nsf/profile?OpenForm&id=39906&sid=D60F65DD77A37DEFEB14BACFA63D2524,'2017-08-02,kzplas@streamyx.com,KENZOPLAS INDUSTRIES SDN BHD,19 & 21 JALAN MEGAH 25 TAMAN MEGAH CHERAS 9-1/2 MILE CHERAS 43200 SELANGOR,,03 - 90750376
http://edirectory.matrade.gov.my/application/edirectory.nsf/profile?OpenForm&id=8318&sid=4ED0E43BBD3DC54698F17BFAFB3978E6,'2017-08-02,steven.fong@optosem-tech.com,OPTOSEM TECHNOLOGIES SDN BHD,"15, JALAN FIRMA 1 KAW PERINDUSTRIAN TEBRAU 1 JOHOR BAHRU 81100 JOHOR",,07 - 3531953
http://edirectory.matrade.gov.my/application/edirectory.nsf/profile?OpenForm&id=43191&sid=519DBAB5C4915EE737D175DCC05B6866,'2017-08-02,jnd.osman@gmail.com,TASSAR TRADING SDN BHD,"LG 009, DYNASTY SHOPPERS ALLEY DYNASTY HOTEL 218 JALAN IPOH 46300 SELANGOR",,03 - 40455806
http://edirectory.matrade.gov.my/application/edirectory.nsf/profile?OpenForm&id=43394&sid=B0BB7489BAB609E890C2FC70F75E71AE,'2017-08-02,tfsiah@gmail.com,KDF ENTERPRISE SDN BHD,7-3-2 JALAN 3/50 OFF JALAN GOMBAK DIAMOND SQUARE COMMERCIAL CENTRE 53000 KUALA LUMPUR,,03 - 40255677
http://edirectory.matrade.gov.my/application/edirectory.nsf/profile?OpenForm&id=15951&sid=1B6E0BBEC37CC8D8B7C6F795169C9E13,'2017-08-02,h-lung@streamyx.com,ALLBRIGHT INDUSTRIES (M) SDN BHD,"18, JALAN CANGGIH 6 TAMAN PERINDUSTRIAN CEMERLANG ULU TIRAM 81800 JOHOR",,07 - 8632125
http://edirectory.matrade.gov.my/application/edirectory.nsf/profile?OpenForm&id=11035&sid=5D7F301BCD8FFB554797AAECEC2C3CC6,'2017-08-02,ywhooi@malaysianolefins.com,MALAYSIAN OLEFINS SDN BHD,"LOT 18, JALAN PENDAMAR 27/90 SECTION 27 SHAH ALAM 40000 SELANGOR",,03 - 51924199
http://edirectory.matrade.gov.my/application/edirectory.nsf/profile?OpenForm&id=44070&sid=E9895CD2AD014455D98B71669BB801B5,'2017-08-02,wswong@wwsengineering.com,WWS ENGINEERING SDN BHD,"49, JALAN TTC 14 TAMAN TECHNOLOGY CHENG  75250 MELAKA",,06 - 3358836
http://edirectory.matrade.gov.my/application/edirectory.nsf/profile?OpenForm&id=44140&sid=44811C5BC50D20FFAE82EFC1B23E4425,'2017-08-02,kenjiser@sts.com.my,STS MOULD AND ENGINEERING SDN BHD,"6, JALAN TERMOSTAT 34/7 BUKIT KEMUNING INDUSTRIAL PARK SECTION 34 40470 SELANGOR",,03 - 58911418
http://edirectory.matrade.gov.my/application/edirectory.nsf/profile?OpenForm&id=37660&sid=1C3B943A892F78DD35A2E252EB0B57D4,'2017-08-02,contactus@dayamas.com,DAYAMAS TECHNOLOGIES SDN BHD,"5 , 1ST FLOOR BUSINESS CENTRE TAMAN DESA OFF JALAN KELANG LAMA 58100 KUALA LUMPUR",,03 - 80615056
http://edirectory.matrade.gov.my/application/edirectory.nsf/profile?OpenForm&id=15895&sid=DC3D11464D6AF838164C3287648BCDA8,'2017-08-02,shaharudinbakar@rocketmail.com,EVEREST PRECISION SDN BHD,"9 &11, JALAN SG BATU ENAM 50 KLANG UTAMA TAMAN ORKID KLANG 42100 SELANGOR",,03 - 32915468
http://edirectory.matrade.gov.my/application/edirectory.nsf/profile?OpenForm&id=10360&sid=971514E406304E85464834D7651DDE70,'2017-08-02,pqm@tm.net.my,SALURJAYA PLASTIC SDN BHD,"LOT 73019, JALAN SERI GAMBUT 3/KS7 BANDAR PUTRA KLANG 41000 SELANGOR",,03 - 51612661
http://edirectory.matrade.gov.my/application/edirectory.nsf/profile?OpenForm&id=14797&sid=C7485A2FF46C7539A2DFDE512C3D6A26,'2017-08-02,mcome@streamyx.com,M-COME PLASTIC MANUFACTURE SDN BHD,"LOT PT 104, JALAN 2A KG BARU SUBANG SHAH ALAM 40100 SELANGOR",,03 - 78467883
http://edirectory.matrade.gov.my/application/edirectory.nsf/profile?OpenForm&id=50333&sid=FE8EF23B6BB71A923483C8CA3B5A4A9C,'2017-08-02,betty@yokefoong.com,YOKE FOONG ENGINEERING SDN BHD,"7,9&11 JALAN ANGGERIK MOKARA 31/52 KOTA KEMUNING, SHAH ALAM 40460 SELANGOR",,03 - 51212030
http://edirectory.matrade.gov.my/application/edirectory.nsf/profile?OpenForm&id=8914&sid=6AAA732F249782256F594559785F5904,'2017-08-02,spencernyf@qssb.com,PLASTOFIL SDN BHD,"3, JALAN JASMIN 5 SECTION BB 10 BANDAR BKT BERUNTUNG, RAWANG 48300 SELANGOR",,03 - 60282888
http://edirectory.matrade.gov.my/application/edirectory.nsf/profile?OpenForm&id=36473&sid=0B522C4BFCE253B290616490E905AA8E,'2017-08-02,petrotimur@yahoo.com,E-PAK ENTERPRISE,"LOT 189, 4THFLOOR PUTERI PARK PLAZA 28, TAMAN PUTRA AMPANG 68000 SELANGOR",,03 - 42911035
http://edirectory.matrade.gov.my/application/edirectory.nsf/profile?OpenForm&id=9987&sid=15436B77D8821FFA0C3310A40895F9B3,'2017-08-02,freshpp@streamyx.com,FRESH PP FILING PRODUCT INDUSTRY,"30 & 32, JALAN JELAPANG MAJU 4 KAW PERINDUSTRIAN RINGAN JELAPANG MAJU IPOH 30020 PERAK",,05 - 5261038
http://edirectory.matrade.gov.my/application/edirectory.nsf/profile?OpenForm&id=14234&sid=4F7CB9A2CA7183126E72D5E687177E14,'2017-08-02,yvonbock@fitson.com,FITSON SDN BHD,"37, JALAN PERMAS 9/12 BANDAR BARU PERMAS JAYA JOHOR BAHRU 81750 JOHOR",,07 - 3877289
http://edirectory.matrade.gov.my/application/edirectory.nsf/profile?OpenForm&id=10683&sid=459EBAB3DB87A1325921D1A8307F6271,'2017-08-02,aswam@streamyx.com,ASWAM PLASTIC INDUSTRIES SDN BHD,"27 & 29, LORONG SERI GAMBUT 2 OFF JALAN KEBUN KLANG 42450 SELANGOR",,03 - 51625934
http://edirectory.matrade.gov.my/application/edirectory.nsf/profile?OpenForm&id=6649&sid=124B09BB311B094D35BA1F4FAE9F68DF,'2017-08-02,sales@excelmould.com.my,EXCEL MOULD MANUFACTURING SDN BHD,"1 & 3,  JALAN TAMBUR 33/19 SHAH ALAM TECHNOLOGY PARK SECTION 33,  SHAH ALAM 40400 SELANGOR",,03 - 51219888
http://edirectory.matrade.gov.my/application/edirectory.nsf/profile?OpenForm&id=12504&sid=F9BBCA49E26EF4C04066B872397F6524,'2017-08-02,t.louisa@mitsui.com,TEJANA TRADING & MANAGEMENT SERVICES SDN BHD,"4TH FLOOR, REGENT OFFICE BLOCK 160, JALAN BKT BINTANG  55100 KUALA LUMPUR",,03 - 21497203
http://edirectory.matrade.gov.my/application/edirectory.nsf/profile?OpenForm&id=14217&sid=9B967BEBFDD04AAB88649D95CD1C2E29,'2017-08-02,advgate@streamyx.com,ADVANCEGATE PLASTIC INDUSTRIES SDN BHD,"8, JALAN PALA 8 KAW INDUSTRI PERMATANG TINGGI BKT MERTAJAM 14000 PULAU PINANG",,04 - 5872151
http://edirectory.matrade.gov.my/application/edirectory.nsf/profile?OpenForm&id=14834&sid=3DD2F87173AD0A7440F315E169BE65CB,'2017-08-02,info@khihelmet.com,KHI HELMETS INDUSTRIES (M) SDN BHD,"23, JALANDAYANG 8 TAMAN DAGANG JAYA AMPANG 68000 SELANGOR",,03 - 42928823
http://edirectory.matrade.gov.my/application/edirectory.nsf/profile?OpenForm&id=9729&sid=81D273D16F932FC34F0D0A6C4C9A5D53,'2017-08-02,leancheng@gmail.com,LEAN CHENG SDN BHD,"577, JALAN WAJA TAMAN INDUSTRIAN WAJA  09000 KEDAH",,04 - 4892482
http://edirectory.matrade.gov.my/application/edirectory.nsf/profile?OpenForm&id=37403&sid=9528200737E8421227C13136B7BD8D3D,'2017-08-02,ben.foo@parripassu.com,MIQHAIL HOLDINGS SDN BHD,"3-2, JALAN SOLARIS 4 SOLARIS MONT KIARA KUALA LUMPUR 50480 KUALA LUMPUR",,03 - 62037557
http://edirectory.matrade.gov.my/application/edirectory.nsf/profile?OpenForm&id=3634&sid=F3CCE57AF8812619B906D729B9293A6E,'2017-08-02,info@luster.com.my,LUSTER PRECISION ENGINEERING SDN BHD,"PLOT 36 & 37, JALAN PKNK UTAMA KAWASAN PERUSAHAAN SG PETANI  08000 KEDAH",,04 - 4417981
http://edirectory.matrade.gov.my/application/edirectory.nsf/profile?OpenForm&id=54942&sid=CF97386C68D2E9902ED911B838393260,'2017-08-02,pany@reachpac.com,REACHPAC ASIA (M) SDN BHD,"2205A, KG BARU SUNGAI BULOH SECTION U19 SHAH ALAM 40160 SELANGOR",,03 - 61580006
http://edirectory.matrade.gov.my/application/edirectory.nsf/profile?OpenForm&id=11919&sid=811091DA2F7A62DED4DF0EE25AE27E46,'2017-08-02,enquiries@zeito.com.my,ZEITO PLASTIC COMPONENTS SDN BHD,"LOT 19-6, BERSATU INDUSTRIAL COMPLEX JALAN CJ 1/1 CHERAS JAYA CHERAS 43200 SELANGOR",,03 - 90749177
http://edirectory.matrade.gov.my/application/edirectory.nsf/profile?OpenForm&id=12094&sid=3B2B2FE7F5B3C2EFDB790A66AF0F6801,'2017-08-02,cvliew@multiplexpackaging.cc,MFR TECHNOLOGLY SDN BHD,"5,7 & 9 JALAN INTAN 1 PHASE NU 3A1 NILAI UTAMA ENTERPRISE PARK NILAI 71800 SELANGOR",,03 - 80614276
http://edirectory.matrade.gov.my/application/edirectory.nsf/profile?OpenForm&id=58547&sid=31364128370FA42B4796F2B7D34E187B,'2017-08-02,omnisenja@gmail.com,OMNI SENJA SDN BHD,9D (3RD FLOOR) JALAN PERDANA 10/10 PANDAN PERDANA 55300 KUALA LUMPUR,,03 - 92749098
http://edirectory.matrade.gov.my/application/edirectory.nsf/profile?OpenForm&id=58791&sid=1B70C303EAC609487B214C3086FDD7A3,'2017-08-02,michaelwong@asiapecenterprise.com,ASIAPEC ENTERPRISE SDN BHD,"G10, BLOCK C, DAMANSARA INTAN E-BUSINESS PARK 1, JALAN SS20/27 PETALING JAYA 47400 SELANGOR",,03 - 77106160
http://edirectory.matrade.gov.my/application/edirectory.nsf/profile?OpenForm&id=4621&sid=31BFA313C13D6EDB984986DD2BD228D1,'2017-08-02,info@sunhightech.com.my,SUN HIGH-TECH SDN BHD,"9, JALAN BS 7/18 KAWASAN PERINDUSTRIAN BUKIT SERDANG SERI KEMBANGAN 43300 SELANGOR",,03 - 89450450
http://edirectory.matrade.gov.my/application/edirectory.nsf/profile?OpenForm&id=60887&sid=4A585E74DE120C1D8A54B99ABD841E1F,'2017-08-02,plastec.sb@gmail.com,PLASTIC TECHNOLOGY & RECYCLE INDUSTRY SDN BHD,"SUBLOT 6, LOT 1207 SMI INDUSTRIAL PARK PHASE 3 JALAN BAKO KUCHING 93050 SARAWAK",,082 - 432425
http://edirectory.matrade.gov.my/application/edirectory.nsf/profile?OpenForm&id=61417&sid=829793D86D3D047E6A25D8A7BCB63228,'2017-08-02,admin@tplas.com.my,T PLAS INDUSTRIES SDN BHD,"43-3, JALAN PJU 5/9 DATARAN SUNWAY KOTA DAMANSARA, PETALING JAYA 47810 SELANGOR",,03 - 61417131
